Detected discrete action space with 1 heads
Num workers: 1
[0;0H╭──────────────────────────────────────────────────────────────────────────────╮
│  PufferLib 4.0 🐡                 GPU: 0%      VRAM: 5.4/39G      RAM: 1.2G  │
│                                                                              │
│  Summary          Value    Evaluate     0ms   0%    Losses            Value  │
│  Env            nethack      GPU        0ms   0%    policy           -0.006  │
│  Params            4.0M      Env        0ms   0%    value             0.000  │
│  Steps              0.0    Train      442ms  99%    entropy           3.111  │
│  SPS                0.0      Misc      32ms   7%    total            -0.071  │
│  Epoch                0      Forwa…   410ms  92%    old_kl            0.001  │
│  Uptime             0ms                             kl                0.000  │
│  Remaini…   A hair past                             clipfrac          0.325  │
│               a freckle                                                      │
│                                                                              │
│  User Stats                    Value    User Stats                    Value  │
╰──────────────────────────────────────────────────────────────────────────────╯

[0;0H╭──────────────────────────────────────────────────────────────────────────────╮
│  PufferLib 4.0          🐡        GPU: 1%      VRAM: 5.4/39G      RAM: 1.2G  │
│                                                                              │
│  Summary          Value    Evaluate   0d 0h  98%    Losses            Value  │
│  Env            nethack               0m 4s         policy           -0.077  │
│  Params            4.0M      GPU       40ms   0%    value             1.755  │
│  Steps            65.5K      Env      0d 0h  97%    entropy           0.943  │
│  SPS              15.1K               0m 4s         total             0.078  │
│  Epoch                1    Train       64ms   1%    old_kl            0.250  │
│  Uptime     0d 0h 0m 4s      Misc       4ms   0%    kl                0.249  │
│  Remaini…    0d 18h 21m      Forwa…    59ms   1%    clipfrac          0.742  │
│                      3s                                                      │
│                                                                              │
│  User Stats                    Value    User Stats                    Value  │
│  perf                          0.000    score                         0.000  │
│  episode_return               -0.100    episode_length               43.000  │
│  depth                         0.000    valid_moves                   8.000  │
│  illegal_actions               1.000    new_tiles                     4.000  │
╰──────────────────────────────────────────────────────────────────────────────╯

[0;0H╭──────────────────────────────────────────────────────────────────────────────╮
│  PufferLib 4.0         🐡         GPU: 2%      VRAM: 5.4/39G      RAM: 1.2G  │
│                                                                              │
│  Summary          Value    Evaluate   0d 0h  97%    Losses            Value  │
│  Env            nethack               0m 2s         policy           -0.008  │
│  Params            4.0M      GPU       33ms   1%    value             0.644  │
│  Steps           131.1K      Env      0d 0h  96%    entropy           0.829  │
│  SPS              24.2K               0m 2s         total             0.039  │
│  Epoch                2    Train       64ms   2%    old_kl            0.215  │
│  Uptime     0d 0h 0m 7s      Misc       4ms   0%    kl                0.217  │
│  Remaini…    0d 11h 28m      Forwa…    59ms   2%    clipfrac          0.769  │
│                     26s                                                      │
│                                                                              │
│  User Stats                    Value    User Stats                    Value  │
│  perf                          0.000    score                         0.000  │
│  episode_return               -0.720    episode_length               92.600  │
│  depth                         0.000    valid_moves                  29.600  │
│  illegal_actions               3.400    new_tiles                     9.800  │
╰──────────────────────────────────────────────────────────────────────────────╯

[0;0H╭──────────────────────────────────────────────────────────────────────────────╮
│  PufferLib 4.0        🐡          GPU: 2%      VRAM: 5.4/39G      RAM: 1.2G  │
│                                                                              │
│  Summary          Value    Evaluate   0d 0h  97%    Losses            Value  │
│  Env            nethack               0m 2s         policy            0.035  │
│  Params            4.0M      GPU       32ms   1%    value             0.628  │
│  Steps           196.6K      Env      0d 0h  95%    entropy           0.777  │
│  SPS              30.4K               0m 2s         total             0.081  │
│  Epoch                3    Train       64ms   2%    old_kl            0.149  │
│  Uptime     0d 0h 0m 9s      Misc       4ms   0%    kl                0.151  │
│  Remaini…  0d 9h 8m 31s      Forwa…    59ms   2%    clipfrac          0.744  │
│                                                                              │
│  User Stats                    Value    User Stats                    Value  │
│  perf                          0.000    score                         0.000  │
│  episode_return               -2.100    episode_length              160.333  │
│  depth                         0.000    valid_moves                  45.667  │
│  illegal_actions               6.333    new_tiles                    10.667  │
╰──────────────────────────────────────────────────────────────────────────────╯

[0;0H╭──────────────────────────────────────────────────────────────────────────────╮
│  PufferLib 4.0       🐡           GPU: 2%      VRAM: 5.4/39G      RAM: 1.2G  │
│                                                                              │
│  Summary          Value    Evaluate   0d 0h  96%    Losses            Value  │
│  Env            nethack               0m 2s         policy            0.058  │
│  Params            4.0M      GPU       32ms   1%    value             0.442  │
│  Steps           262.1K      Env      0d 0h  95%    entropy           0.743  │
│  SPS              31.5K               0m 1s         total             0.087  │
│  Epoch                4    Train       64ms   3%    old_kl            0.225  │
│  Uptime    0d 0h 0m 11s      Misc       4ms   0%    kl                0.228  │
│  Remaini…     0d 8h 48m      Forwa…    59ms   2%    clipfrac          0.723  │
│                     23s                                                      │
│                                                                              │
│  User Stats                    Value    User Stats                    Value  │
│  perf                          0.000    score                         0.000  │
│  episode_return              -13.660    episode_length              221.400  │
│  depth                         0.000    valid_moves                  44.400  │
│  illegal_actions              29.400    new_tiles                     8.400  │
╰──────────────────────────────────────────────────────────────────────────────╯

[0;0H╭──────────────────────────────────────────────────────────────────────────────╮
│  PufferLib 4.0      🐡            GPU: 2%      VRAM: 5.4/39G      RAM: 1.2G  │
│                                                                              │
│  Summary          Value    Evaluate   0d 0h  97%    Losses            Value  │
│  Env            nethack               0m 2s         policy            0.050  │
│  Params            4.0M      GPU       33ms   1%    value             0.363  │
│  Steps           327.7K      Env      0d 0h  95%    entropy           0.747  │
│  SPS              30.4K               0m 2s         total             0.070  │
│  Epoch                5    Train       64ms   2%    old_kl            0.100  │
│  Uptime    0d 0h 0m 13s      Misc       4ms   0%    kl                0.101  │
│  Remaini…  0d 9h 7m 54s      Forwa…    59ms   2%    clipfrac          0.706  │
│                                                                              │
│  User Stats                    Value    User Stats                    Value  │
│  perf                          0.000    score                         0.000  │
│  episode_return               -6.175    episode_length              298.500  │
│  depth                         0.000    valid_moves                  54.500  │
│  illegal_actions              16.250    new_tiles                    17.000  │
╰──────────────────────────────────────────────────────────────────────────────╯

[0;0H╭──────────────────────────────────────────────────────────────────────────────╮
│  PufferLib 4.0     🐡             GPU: 1%      VRAM: 5.4/39G      RAM: 1.2G  │
│                                                                              │
│  Summary          Value    Evaluate   0d 0h  97%    Losses            Value  │
│  Env            nethack               0m 2s         policy            0.040  │
│  Params            4.0M      GPU       32ms   1%    value             0.304  │
│  Steps           393.2K      Env      0d 0h  95%    entropy           0.702  │
│  SPS              30.3K               0m 2s         total             0.056  │
│  Epoch                6    Train       64ms   2%    old_kl            0.076  │
│  Uptime    0d 0h 0m 15s      Misc       4ms   0%    kl                0.081  │
│  Remaini…  0d 9h 9m 19s      Forwa…    59ms   2%    clipfrac          0.689  │
│                                                                              │
│  User Stats                    Value    User Stats                    Value  │
│  perf                          0.000    score                         0.000  │
│  episode_return               -5.400    episode_length              342.667  │
│  depth                         0.000    valid_moves                  32.000  │
│  illegal_actions              14.333    new_tiles                    14.333  │
╰──────────────────────────────────────────────────────────────────────────────╯

[0;0H╭──────────────────────────────────────────────────────────────────────────────╮
│  PufferLib 4.0    🐡              GPU: 1%      VRAM: 5.4/39G      RAM: 1.2G  │
│                                                                              │
│  Summary          Value    Evaluate   0d 0h  97%    Losses            Value  │
│  Env            nethack               0m 2s         policy            0.051  │
│  Params            4.0M      GPU       33ms   1%    value             0.237  │
│  Steps           458.8K      Env      0d 0h  95%    entropy           0.719  │
│  SPS              29.6K               0m 2s         total             0.060  │
│  Epoch                7    Train       64ms   2%    old_kl            0.079  │
│  Uptime    0d 0h 0m 17s      Misc       4ms   0%    kl                0.079  │
│  Remaini…     0d 9h 23m      Forwa…    59ms   2%    clipfrac          0.697  │
│                     40s                                                      │
│                                                                              │
│  User Stats                    Value    User Stats                    Value  │
│  perf                          0.000    score                         0.000  │
│  episode_return               -8.267    episode_length              423.667  │
│  depth                         0.000    valid_moves                  71.667  │
│  illegal_actions              20.333    new_tiles                    19.000  │
╰──────────────────────────────────────────────────────────────────────────────╯

[0;0H╭──────────────────────────────────────────────────────────────────────────────╮
│  PufferLib 4.0   🐡               GPU: 2%      VRAM: 5.4/39G      RAM: 1.2G  │
│                                                                              │
│  Summary          Value    Evaluate   0d 0h  97%    Losses            Value  │
│  Env            nethack               0m 2s         policy            0.043  │
│  Params            4.0M      GPU       33ms   1%    value             0.390  │
│  Steps           524.3K      Env      0d 0h  95%    entropy           0.689  │
│  SPS              30.5K               0m 2s         total             0.067  │
│  Epoch                8    Train       64ms   2%    old_kl            0.124  │
│  Uptime    0d 0h 0m 19s      Misc       4ms   0%    kl                0.124  │
│  Remaini…  0d 9h 6m 51s      Forwa…    59ms   2%    clipfrac          0.672  │
│                                                                              │
│  User Stats                    Value    User Stats                    Value  │
│  perf                          0.000    score                         0.000  │
│  episode_return                0.375    episode_length              468.000  │
│  depth                         0.000    valid_moves                 114.250  │
│  illegal_actions               2.500    new_tiles                    16.250  │
╰──────────────────────────────────────────────────────────────────────────────╯

[0;0H╭──────────────────────────────────────────────────────────────────────────────╮
│  PufferLib 4.0  🐡                GPU: 2%      VRAM: 5.4/39G      RAM: 1.2G  │
│                                                                              │
│  Summary          Value    Evaluate   0d 0h  96%    Losses            Value  │
│  Env            nethack               0m 1s         policy            0.069  │
│  Params            4.0M      GPU       33ms   1%    value             0.281  │
│  Steps           589.8K      Env      0d 0h  95%    entropy           0.735  │
│  SPS              31.9K               0m 1s         total             0.082  │
│  Epoch                9    Train       64ms   3%    old_kl            0.142  │
│  Uptime    0d 0h 0m 22s      Misc       4ms   0%    kl                0.146  │
│  Remaini…     0d 8h 41m      Forwa…    59ms   2%    clipfrac          0.692  │
│                     31s                                                      │
│                                                                              │
│  User Stats                    Value    User Stats                    Value  │
│  perf                          0.000    score                         0.000  │
│  episode_return               -7.133    episode_length              516.667  │
│  depth                         0.000    valid_moves                  37.000  │
│  illegal_actions              19.667    new_tiles                    23.667  │
╰──────────────────────────────────────────────────────────────────────────────╯

[0;0H╭──────────────────────────────────────────────────────────────────────────────╮
│  PufferLib 4.0 🐡                 GPU: 2%      VRAM: 5.4/39G      RAM: 1.2G  │
│                                                                              │
│  Summary          Value    Evaluate   0d 0h  96%    Losses            Value  │
│  Env            nethack               0m 2s         policy            0.061  │
│  Params            4.0M      GPU       33ms   1%    value             0.269  │
│  Steps           655.4K      Env      0d 0h  95%    entropy           0.808  │
│  SPS              31.5K               0m 1s         total             0.071  │
│  Epoch               10    Train       64ms   3%    old_kl            0.067  │
│  Uptime    0d 0h 0m 24s      Misc       4ms   0%    kl                0.067  │
│  Remaini…     0d 8h 48m      Forwa…    59ms   2%    clipfrac          0.681  │
│                     46s                                                      │
│                                                                              │
│  User Stats                    Value    User Stats                    Value  │
│  perf                          0.000    score                         0.000  │
│  episode_return               -7.133    episode_length              516.667  │
│  depth                         0.000    valid_moves                  37.000  │
│  illegal_actions              19.667    new_tiles                    23.667  │
╰──────────────────────────────────────────────────────────────────────────────╯

[0;0H╭──────────────────────────────────────────────────────────────────────────────╮
│  PufferLib 4.0          🐡        GPU: 1%      VRAM: 5.4/39G      RAM: 1.2G  │
│                                                                              │
│  Summary          Value    Evaluate   0d 0h  96%    Losses            Value  │
│  Env            nethack               0m 1s         policy            0.047  │
│  Params            4.0M      GPU       33ms   1%    value             0.209  │
│  Steps           720.9K      Env      0d 0h  95%    entropy           0.704  │
│  SPS              31.7K               0m 1s         total             0.053  │
│  Epoch               11    Train       64ms   3%    old_kl            0.070  │
│  Uptime    0d 0h 0m 26s      Misc       4ms   0%    kl                0.072  │
│  Remaini…  0d 8h 45m 0s      Forwa…    59ms   2%    clipfrac          0.635  │
│                                                                              │
│  User Stats                    Value    User Stats                    Value  │
│  perf                          0.000    score                         0.000  │
│  episode_return                0.500    episode_length              690.000  │
│  depth                         0.000    valid_moves                 112.000  │
│  illegal_actions               0.000    new_tiles                     5.000  │
╰──────────────────────────────────────────────────────────────────────────────╯

[0;0H╭──────────────────────────────────────────────────────────────────────────────╮
│  PufferLib 4.0         🐡         GPU: 1%      VRAM: 5.4/39G      RAM: 1.2G  │
│                                                                              │
│  Summary          Value    Evaluate   0d 0h  96%    Losses            Value  │
│  Env            nethack               0m 1s         policy            0.068  │
│  Params            4.0M      GPU       32ms   1%    value             0.141  │
│  Steps           786.4K      Env      0d 0h  95%    entropy           0.893  │
│  SPS              31.7K               0m 1s         total             0.063  │
│  Epoch               12    Train       64ms   3%    old_kl            0.119  │
│  Uptime    0d 0h 0m 28s      Misc       5ms   0%    kl                0.119  │
│  Remaini…     0d 8h 45m      Forwa…    59ms   2%    clipfrac          0.677  │
│                     30s                                                      │
│                                                                              │
│  User Stats                    Value    User Stats                    Value  │
│  perf                          0.000    score                         0.000  │
│  episode_return                0.500    episode_length              690.000  │
│  depth                         0.000    valid_moves                 112.000  │
│  illegal_actions               0.000    new_tiles                     5.000  │
╰──────────────────────────────────────────────────────────────────────────────╯

[0;0H╭──────────────────────────────────────────────────────────────────────────────╮
│  PufferLib 4.0        🐡          GPU: 1%      VRAM: 5.4/39G      RAM: 1.2G  │
│                                                                              │
│  Summary          Value    Evaluate   0d 0h  96%    Losses            Value  │
│  Env            nethack               0m 2s         policy            0.052  │
│  Params            4.0M      GPU       33ms   1%    value             0.436  │
│  Steps           852.0K      Env      0d 0h  95%    entropy           0.789  │
│  SPS              31.3K               0m 1s         total             0.079  │
│  Epoch               13    Train       64ms   3%    old_kl            0.066  │
│  Uptime    0d 0h 0m 30s      Misc       4ms   0%    kl                0.069  │
│  Remaini…     0d 8h 51m      Forwa…    59ms   2%    clipfrac          0.641  │
│                     41s                                                      │
│                                                                              │
│  User Stats                    Value    User Stats                    Value  │
│  perf                          0.000    score                         0.000  │
│  episode_return                1.667    episode_length              798.000  │
│  depth                         0.000    valid_moves                 205.000  │
│  illegal_actions               1.333    new_tiles                    23.333  │
╰──────────────────────────────────────────────────────────────────────────────╯

[0;0H╭──────────────────────────────────────────────────────────────────────────────╮
│  PufferLib 4.0       🐡           GPU: 2%      VRAM: 5.4/39G      RAM: 1.2G  │
│                                                                              │
│  Summary          Value    Evaluate   0d 0h  96%    Losses            Value  │
│  Env            nethack               0m 2s         policy            0.044  │
│  Params            4.0M      GPU       32ms   1%    value             0.489  │
│  Steps           917.5K      Env      0d 0h  95%    entropy           0.771  │
│  SPS              31.5K               0m 1s         total             0.077  │
│  Epoch               14    Train       64ms   3%    old_kl            0.046  │
│  Uptime    0d 0h 0m 32s      Misc       4ms   0%    kl                0.047  │
│  Remaini…     0d 8h 48m      Forwa…    59ms   2%    clipfrac          0.615  │
│                     40s                                                      │
│                                                                              │
│  User Stats                    Value    User Stats                    Value  │
│  perf                          0.000    score                         0.000  │
│  episode_return               -6.060    episode_length              854.600  │
│  depth                         0.000    valid_moves                 121.200  │
│  illegal_actions              16.200    new_tiles                    18.400  │
╰──────────────────────────────────────────────────────────────────────────────╯

[0;0H╭──────────────────────────────────────────────────────────────────────────────╮
│  PufferLib 4.0      🐡            GPU: 2%      VRAM: 5.4/39G      RAM: 1.2G  │
│                                                                              │
│  Summary          Value    Evaluate   0d 0h  96%    Losses            Value  │
│  Env            nethack               0m 1s         policy            0.043  │
│  Params            4.0M      GPU       33ms   1%    value             0.273  │
│  Steps           983.0K      Env      0d 0h  95%    entropy           0.848  │
│  SPS              32.2K               0m 1s         total             0.052  │
│  Epoch               15    Train       64ms   3%    old_kl            0.044  │
│  Uptime    0d 0h 0m 34s      Misc       4ms   0%    kl                0.049  │
│  Remaini…  0d 8h 37m 7s      Forwa…    59ms   2%    clipfrac          0.674  │
│                                                                              │
│  User Stats                    Value    User Stats                    Value  │
│  perf                          0.000    score                         0.000  │
│  episode_return               -6.060    episode_length              854.600  │
│  depth                         0.000    valid_moves                 121.200  │
│  illegal_actions              16.200    new_tiles                    18.400  │
╰──────────────────────────────────────────────────────────────────────────────╯

[0;0H╭──────────────────────────────────────────────────────────────────────────────╮
│  PufferLib 4.0     🐡             GPU: 2%      VRAM: 5.4/39G      RAM: 1.2G  │
│                                                                              │
│  Summary          Value    Evaluate   0d 0h  96%    Losses            Value  │
│  Env            nethack               0m 1s         policy            0.048  │
│  Params            4.0M      GPU       33ms   1%    value             0.256  │
│  Steps             1.0M      Env      0d 0h  95%    entropy           0.818  │
│  SPS              32.0K               0m 1s         total             0.057  │
│  Epoch               16    Train       64ms   3%    old_kl            0.034  │
│  Uptime    0d 0h 0m 36s      Misc       4ms   0%    kl                0.034  │
│  Remaini…     0d 8h 39m      Forwa…    59ms   2%    clipfrac          0.627  │
│                     33s                                                      │
│                                                                              │
│  User Stats                    Value    User Stats                    Value  │
│  perf                          0.000    score                         0.000  │
│  episode_return               -6.060    episode_length              854.600  │
│  depth                         0.000    valid_moves                 121.200  │
│  illegal_actions              16.200    new_tiles                    18.400  │
╰──────────────────────────────────────────────────────────────────────────────╯

[0;0H╭──────────────────────────────────────────────────────────────────────────────╮
│  PufferLib 4.0    🐡              GPU: 2%      VRAM: 5.4/39G      RAM: 1.2G  │
│                                                                              │
│  Summary          Value    Evaluate   0d 0h  96%    Losses            Value  │
│  Env            nethack               0m 1s         policy            0.053  │
│  Params            4.0M      GPU       33ms   1%    value             0.203  │
│  Steps             1.1M      Env      0d 0h  95%    entropy           0.894  │
│  SPS              32.0K               0m 1s         total             0.054  │
│  Epoch               17    Train       64ms   3%    old_kl            0.039  │
│  Uptime    0d 0h 0m 38s      Misc       4ms   0%    kl                0.040  │
│  Remaini…     0d 8h 40m      Forwa…    59ms   2%    clipfrac          0.670  │
│                     22s                                                      │
│                                                                              │
│  User Stats                    Value    User Stats                    Value  │
│  perf                          0.000    score                         0.000  │
│  episode_return               -6.060    episode_length              854.600  │
│  depth                         0.000    valid_moves                 121.200  │
│  illegal_actions              16.200    new_tiles                    18.400  │
╰──────────────────────────────────────────────────────────────────────────────╯

[0;0H╭──────────────────────────────────────────────────────────────────────────────╮
│  PufferLib 4.0   🐡               GPU: 2%      VRAM: 5.4/39G      RAM: 1.2G  │
│                                                                              │
│  Summary          Value    Evaluate   0d 0h  96%    Losses            Value  │
│  Env            nethack               0m 1s         policy            0.052  │
│  Params            4.0M      GPU       34ms   1%    value             0.245  │
│  Steps             1.2M      Env      0d 0h  95%    entropy           0.870  │
│  SPS              31.7K               0m 1s         total             0.058  │
│  Epoch               18    Train       64ms   3%    old_kl            0.038  │
│  Uptime    0d 0h 0m 40s      Misc       4ms   0%    kl                0.037  │
│  Remaini…     0d 8h 45m      Forwa…    59ms   2%    clipfrac          0.649  │
│                     17s                                                      │
│                                                                              │
│  User Stats                    Value    User Stats                    Value  │
│  perf                          0.000    score                         0.000  │
│  episode_return               -9.700    episode_length             1127.500  │
│  depth                         0.000    valid_moves                  86.000  │
│  illegal_actions              21.250    new_tiles                     6.750  │
╰──────────────────────────────────────────────────────────────────────────────╯

[0;0H╭──────────────────────────────────────────────────────────────────────────────╮
│  PufferLib 4.0  🐡                GPU: 2%      VRAM: 5.4/39G      RAM: 1.2G  │
│                                                                              │
│  Summary          Value    Evaluate   0d 0h  96%    Losses            Value  │
│  Env            nethack               0m 2s         policy            0.052  │
│  Params            4.0M      GPU       33ms   1%    value             0.194  │
│  Steps             1.2M      Env      0d 0h  95%    entropy           0.959  │
│  SPS              31.4K               0m 1s         total             0.051  │
│  Epoch               19    Train       64ms   3%    old_kl            0.053  │
│  Uptime    0d 0h 0m 42s      Misc       4ms   0%    kl                0.055  │
│  Remaini…     0d 8h 49m      Forwa…    59ms   2%    clipfrac          0.696  │
│                     26s                                                      │
│                                                                              │
│  User Stats                    Value    User Stats                    Value  │
│  perf                          0.000    score                         0.000  │
│  episode_return                3.500    episode_length             1197.000  │
│  depth                         0.000    valid_moves                 122.000  │
│  illegal_actions               0.000    new_tiles                    35.000  │
╰──────────────────────────────────────────────────────────────────────────────╯

[0;0H╭──────────────────────────────────────────────────────────────────────────────╮
│  PufferLib 4.0 🐡                 GPU: 2%      VRAM: 5.4/39G      RAM: 1.2G  │
│                                                                              │
│  Summary          Value    Evaluate   0d 0h  96%    Losses            Value  │
│  Env            nethack               0m 2s         policy            0.074  │
│  Params            4.0M      GPU       33ms   1%    value             0.125  │
│  Steps             1.3M      Env      0d 0h  95%    entropy           1.010  │
│  SPS              31.4K               0m 1s         total             0.065  │
│  Epoch               20    Train       64ms   3%    old_kl            0.137  │
│  Uptime    0d 0h 0m 44s      Misc       4ms   0%    kl                0.139  │
│  Remaini…     0d 8h 50m      Forwa…    59ms   2%    clipfrac          0.698  │
│                     30s                                                      │
│                                                                              │
│  User Stats                    Value    User Stats                    Value  │
│  perf                          0.000    score                         0.000  │
│  episode_return               -1.900    episode_length             1269.000  │
│  depth                         0.000    valid_moves                 246.000  │
│  illegal_actions               7.000    new_tiles                    16.000  │
╰──────────────────────────────────────────────────────────────────────────────╯

[0;0H╭──────────────────────────────────────────────────────────────────────────────╮
│  PufferLib 4.0          🐡        GPU: 2%      VRAM: 5.4/39G      RAM: 1.2G  │
│                                                                              │
│  Summary          Value    Evaluate   0d 0h  96%    Losses            Value  │
│  Env            nethack               0m 1s         policy            0.039  │
│  Params            4.0M      GPU       33ms   1%    value             0.466  │
│  Steps             1.4M      Env      0d 0h  95%    entropy           0.741  │
│  SPS              31.6K               0m 1s         total             0.070  │
│  Epoch               21    Train       64ms   3%    old_kl            0.026  │
│  Uptime    0d 0h 0m 46s      Misc       4ms   0%    kl                0.026  │
│  Remaini…     0d 8h 47m      Forwa…    59ms   2%    clipfrac          0.581  │
│                     16s                                                      │
│                                                                              │
│  User Stats                    Value    User Stats                    Value  │
│  perf                          0.000    score                         0.000  │
│  episode_return               -0.267    episode_length             1300.667  │
│  depth                         0.000    valid_moves                  55.667  │
│  illegal_actions               3.000    new_tiles                    12.333  │
╰──────────────────────────────────────────────────────────────────────────────╯

[0;0H╭──────────────────────────────────────────────────────────────────────────────╮
│  PufferLib 4.0         🐡         GPU: 2%      VRAM: 5.4/39G      RAM: 1.2G  │
│                                                                              │
│  Summary          Value    Evaluate   0d 0h  96%    Losses            Value  │
│  Env            nethack               0m 2s         policy            0.051  │
│  Params            4.0M      GPU       33ms   1%    value             0.305  │
│  Steps             1.4M      Env      0d 0h  95%    entropy           0.869  │
│  SPS              30.9K               0m 2s         total             0.064  │
│  Epoch               22    Train       64ms   3%    old_kl            0.040  │
│  Uptime    0d 0h 0m 48s      Misc       4ms   0%    kl                0.043  │
│  Remaini…     0d 8h 58m      Forwa…    59ms   2%    clipfrac          0.647  │
│                     47s                                                      │
│                                                                              │
│  User Stats                    Value    User Stats                    Value  │
│  perf                          0.000    score                         0.000  │
│  episode_return               -0.267    episode_length             1300.667  │
│  depth                         0.000    valid_moves                  55.667  │
│  illegal_actions               3.000    new_tiles                    12.333  │
╰──────────────────────────────────────────────────────────────────────────────╯

[0;0H╭──────────────────────────────────────────────────────────────────────────────╮
│  PufferLib 4.0        🐡          GPU: 2%      VRAM: 5.4/39G      RAM: 1.2G  │
│                                                                              │
│  Summary          Value    Evaluate   0d 0h  96%    Losses            Value  │
│  Env            nethack               0m 2s         policy            0.044  │
│  Params            4.0M      GPU       33ms   1%    value             0.290  │
│  Steps             1.5M      Env      0d 0h  95%    entropy           0.840  │
│  SPS              30.8K               0m 2s         total             0.056  │
│  Epoch               23    Train       64ms   3%    old_kl            0.051  │
│  Uptime    0d 0h 0m 51s      Misc       4ms   0%    kl                0.052  │
│  Remaini…   0d 9h 0m 5s      Forwa…    59ms   2%    clipfrac          0.603  │
│                                                                              │
│  User Stats                    Value    User Stats                    Value  │
│  perf                          0.000    score                         0.000  │
│  episode_return                2.000    episode_length             1440.000  │
│  depth                         0.000    valid_moves                 210.500  │
│  illegal_actions               0.000    new_tiles                    20.000  │
╰──────────────────────────────────────────────────────────────────────────────╯

[0;0H╭──────────────────────────────────────────────────────────────────────────────╮
│  PufferLib 4.0       🐡           GPU: 2%      VRAM: 5.4/39G      RAM: 1.2G  │
│                                                                              │
│  Summary          Value    Evaluate   0d 0h  97%    Losses            Value  │
│  Env            nethack               0m 2s         policy            0.066  │
│  Params            4.0M      GPU       33ms   1%    value             0.121  │
│  Steps             1.6M      Env      0d 0h  95%    entropy           1.023  │
│  SPS              30.5K               0m 2s         total             0.056  │
│  Epoch               24    Train       64ms   2%    old_kl            0.103  │
│  Uptime    0d 0h 0m 53s      Misc       4ms   0%    kl                0.100  │
│  Remaini…  0d 9h 4m 42s      Forwa…    59ms   2%    clipfrac          0.691  │
│                                                                              │
│  User Stats                    Value    User Stats                    Value  │
│  perf                          0.000    score                         0.000  │
│  episode_return               -1.800    episode_length             1505.000  │
│  depth                         0.000    valid_moves                 259.000  │
│  illegal_actions               7.000    new_tiles                    17.000  │
╰──────────────────────────────────────────────────────────────────────────────╯

[0;0H╭──────────────────────────────────────────────────────────────────────────────╮
│  PufferLib 4.0      🐡            GPU: 2%      VRAM: 5.4/39G      RAM: 1.2G  │
│                                                                              │
│  Summary          Value    Evaluate   0d 0h  96%    Losses            Value  │
│  Env            nethack               0m 2s         policy            0.045  │
│  Params            4.0M      GPU       33ms   1%    value             0.164  │
│  Steps             1.6M      Env      0d 0h  95%    entropy           0.925  │
│  SPS              31.2K               0m 1s         total             0.042  │
│  Epoch               25    Train       64ms   3%    old_kl            0.070  │
│  Uptime    0d 0h 0m 55s      Misc       4ms   0%    kl                0.070  │
│  Remaini…     0d 8h 53m      Forwa…    59ms   2%    clipfrac          0.652  │
│                     21s                                                      │
│                                                                              │
│  User Stats                    Value    User Stats                    Value  │
│  perf                          0.000    score                         0.000  │
│  episode_return                1.500    episode_length             1541.500  │
│  depth                         0.000    valid_moves                 539.000  │
│  illegal_actions               0.000    new_tiles                    15.000  │
╰──────────────────────────────────────────────────────────────────────────────╯

[0;0H╭──────────────────────────────────────────────────────────────────────────────╮
│  PufferLib 4.0     🐡             GPU: 2%      VRAM: 5.4/39G      RAM: 1.2G  │
│                                                                              │
│  Summary          Value    Evaluate   0d 0h  96%    Losses            Value  │
│  Env            nethack               0m 2s         policy            0.038  │
│  Params            4.0M      GPU       32ms   1%    value             0.323  │
│  Steps             1.7M      Env      0d 0h  95%    entropy           0.902  │
│  SPS              31.3K               0m 1s         total             0.051  │
│  Epoch               26    Train       64ms   3%    old_kl            0.018  │
│  Uptime    0d 0h 0m 57s      Misc       4ms   0%    kl                0.019  │
│  Remaini…     0d 8h 50m      Forwa…    59ms   2%    clipfrac          0.591  │
│                     56s                                                      │
│                                                                              │
│  User Stats                    Value    User Stats                    Value  │
│  perf                          0.000    score                         0.000  │
│  episode_return                2.050    episode_length             1608.500  │
│  depth                         0.000    valid_moves                  54.500  │
│  illegal_actions               0.500    new_tiles                    23.000  │
╰──────────────────────────────────────────────────────────────────────────────╯

[0;0H╭──────────────────────────────────────────────────────────────────────────────╮
│  PufferLib 4.0    🐡              GPU: 2%      VRAM: 5.4/39G      RAM: 1.2G  │
│                                                                              │
│  Summary          Value    Evaluate   0d 0h  96%    Losses            Value  │
│  Env            nethack               0m 2s         policy            0.055  │
│  Params            4.0M      GPU       33ms   1%    value             0.169  │
│  Steps             1.8M      Env      0d 0h  95%    entropy           0.951  │
│  SPS              31.3K               0m 1s         total             0.052  │
│  Epoch               27    Train       64ms   3%    old_kl            0.054  │
│  Uptime    0d 0h 0m 59s      Misc       4ms   0%    kl                0.056  │
│  Remaini…  0d 8h 51m 4s      Forwa…    59ms   2%    clipfrac          0.657  │
│                                                                              │
│  User Stats                    Value    User Stats                    Value  │
│  perf                          0.000    score                         0.000  │
│  episode_return                2.000    episode_length             1675.000  │
│  depth                         0.000    valid_moves                 145.000  │
│  illegal_actions               2.000    new_tiles                    30.000  │
╰──────────────────────────────────────────────────────────────────────────────╯

[0;0H╭──────────────────────────────────────────────────────────────────────────────╮
│  PufferLib 4.0   🐡              GPU: 14%      VRAM: 5.4/39G      RAM: 1.2G  │
│                                                                              │
│  Summary          Value    Evaluate   0d 0h  96%    Losses            Value  │
│  Env            nethack               0m 2s         policy            0.037  │
│  Params            4.0M      GPU       32ms   1%    value             0.269  │
│  Steps             1.8M      Env      0d 0h  95%    entropy           0.864  │
│  SPS              30.8K               0m 2s         total             0.046  │
│  Epoch               28    Train       64ms   3%    old_kl            0.016  │
│  Uptime     0d 0h 1m 1s      Misc       4ms   0%    kl                0.017  │
│  Remaini…     0d 8h 59m      Forwa…    59ms   2%    clipfrac          0.555  │
│                     57s                                                      │
│                                                                              │
│  User Stats                    Value    User Stats                    Value  │
│  perf                          0.000    score                         0.000  │
│  episode_return                2.000    episode_length             1675.000  │
│  depth                         0.000    valid_moves                 145.000  │
│  illegal_actions               2.000    new_tiles                    30.000  │
╰──────────────────────────────────────────────────────────────────────────────╯

[0;0H╭──────────────────────────────────────────────────────────────────────────────╮
│  PufferLib 4.0  🐡                GPU: 2%      VRAM: 5.4/39G      RAM: 1.2G  │
│                                                                              │
│  Summary          Value    Evaluate   0d 0h  96%    Losses            Value  │
│  Env            nethack               0m 2s         policy            0.040  │
│  Params            4.0M      GPU       33ms   1%    value             0.236  │
│  Steps             1.9M      Env      0d 0h  95%    entropy           0.938  │
│  SPS              31.2K               0m 1s         total             0.044  │
│  Epoch               29    Train       64ms   3%    old_kl            0.021  │
│  Uptime     0d 0h 1m 3s      Misc       4ms   0%    kl                0.021  │
│  Remaini…     0d 8h 53m      Forwa…    59ms   2%    clipfrac          0.607  │
│                     34s                                                      │
│                                                                              │
│  User Stats                    Value    User Stats                    Value  │
│  perf                          0.000    score                         0.000  │
│  episode_return                0.600    episode_length             1824.000  │
│  depth                         0.000    valid_moves                  29.000  │
│  illegal_actions               0.000    new_tiles                     6.000  │
╰──────────────────────────────────────────────────────────────────────────────╯

[0;0H╭──────────────────────────────────────────────────────────────────────────────╮
│  PufferLib 4.0 🐡                GPU: 28%      VRAM: 5.4/39G      RAM: 1.2G  │
│                                                                              │
│  Summary          Value    Evaluate   0d 0h  96%    Losses            Value  │
│  Env            nethack               0m 2s         policy            0.041  │
│  Params            4.0M      GPU       33ms   1%    value             0.205  │
│  Steps             2.0M      Env      0d 0h  95%    entropy           1.036  │
│  SPS              31.3K               0m 1s         total             0.040  │
│  Epoch               30    Train       64ms   3%    old_kl            0.023  │
│  Uptime     0d 0h 1m 5s      Misc       4ms   0%    kl                0.024  │
│  Remaini…     0d 8h 51m      Forwa…    59ms   2%    clipfrac          0.667  │
│                     38s                                                      │
│                                                                              │
│  User Stats                    Value    User Stats                    Value  │
│  perf                          0.000    score                         0.000  │
│  episode_return                3.900    episode_length             1919.000  │
│  depth                         0.000    valid_moves                 169.000  │
│  illegal_actions               0.000    new_tiles                    29.000  │
╰──────────────────────────────────────────────────────────────────────────────╯

[0;0H╭──────────────────────────────────────────────────────────────────────────────╮
│  PufferLib 4.0          🐡        GPU: 2%      VRAM: 5.4/39G      RAM: 1.2G  │
│                                                                              │
│  Summary          Value    Evaluate   0d 0h  96%    Losses            Value  │
│  Env            nethack               0m 2s         policy            0.035  │
│  Params            4.0M      GPU       33ms   1%    value             0.190  │
│  Steps             2.0M      Env      0d 0h  95%    entropy           0.976  │
│  SPS              31.4K               0m 1s         total             0.034  │
│  Epoch               31    Train       64ms   3%    old_kl            0.013  │
│  Uptime     0d 0h 1m 7s      Misc       4ms   0%    kl                0.014  │
│  Remaini…  0d 8h 50m 6s      Forwa…    59ms   2%    clipfrac          0.593  │
│                                                                              │
│  User Stats                    Value    User Stats                    Value  │
│  perf                          0.000    score                         0.000  │
│  episode_return                3.900    episode_length             1919.000  │
│  depth                         0.000    valid_moves                 169.000  │
│  illegal_actions               0.000    new_tiles                    29.000  │
╰──────────────────────────────────────────────────────────────────────────────╯

[0;0H╭──────────────────────────────────────────────────────────────────────────────╮
│  PufferLib 4.0         🐡         GPU: 2%      VRAM: 5.4/39G      RAM: 1.2G  │
│                                                                              │
│  Summary          Value    Evaluate   0d 0h  96%    Losses            Value  │
│  Env            nethack               0m 1s         policy            0.034  │
│  Params            4.0M      GPU       33ms   1%    value             0.152  │
│  Steps             2.1M      Env      0d 0h  95%    entropy           1.004  │
│  SPS              31.8K               0m 1s         total             0.028  │
│  Epoch               32    Train       64ms   3%    old_kl            0.031  │
│  Uptime     0d 0h 1m 9s      Misc       4ms   0%    kl                0.030  │
│  Remaini…     0d 8h 42m      Forwa…    59ms   2%    clipfrac          0.645  │
│                     48s                                                      │
│                                                                              │
│  User Stats                    Value    User Stats                    Value  │
│  perf                          0.000    score                         0.000  │
│  episode_return                3.050    episode_length             1989.000  │
│  depth                         0.000    valid_moves                 551.000  │
│  illegal_actions               0.500    new_tiles                    33.000  │
╰──────────────────────────────────────────────────────────────────────────────╯

[0;0H╭──────────────────────────────────────────────────────────────────────────────╮
│  PufferLib 4.0        🐡          GPU: 2%      VRAM: 5.4/39G      RAM: 1.2G  │
│                                                                              │
│  Summary          Value    Evaluate   0d 0h  96%    Losses            Value  │
│  Env            nethack               0m 1s         policy            0.030  │
│  Params            4.0M      GPU       32ms   1%    value             0.267  │
│  Steps             2.2M      Env      0d 0h  95%    entropy           0.943  │
│  SPS              31.8K               0m 1s         total             0.037  │
│  Epoch               33    Train       64ms   3%    old_kl            0.008  │
│  Uptime    0d 0h 1m 12s      Misc       4ms   0%    kl                0.008  │
│  Remaini…     0d 8h 43m      Forwa…    59ms   2%    clipfrac          0.568  │
│                     34s                                                      │
│                                                                              │
│  User Stats                    Value    User Stats                    Value  │
│  perf                          0.000    score                         0.000  │
│  episode_return              -17.050    episode_length             2091.000  │
│  depth                         0.000    valid_moves                  70.500  │
│  illegal_actions              41.000    new_tiles                    34.500  │
╰──────────────────────────────────────────────────────────────────────────────╯

[0;0H╭──────────────────────────────────────────────────────────────────────────────╮
│  PufferLib 4.0       🐡           GPU: 2%      VRAM: 5.4/39G      RAM: 1.2G  │
│                                                                              │
│  Summary          Value    Evaluate   0d 0h  96%    Losses            Value  │
│  Env            nethack               0m 1s         policy            0.033  │
│  Params            4.0M      GPU       34ms   1%    value             0.278  │
│  Steps             2.2M      Env      0d 0h  94%    entropy           0.866  │
│  SPS              32.4K               0m 1s         total             0.042  │
│  Epoch               34    Train       64ms   3%    old_kl            0.016  │
│  Uptime    0d 0h 1m 14s      Misc       4ms   0%    kl                0.016  │
│  Remaini…     0d 8h 33m      Forwa…    59ms   2%    clipfrac          0.601  │
│                     18s                                                      │
│                                                                              │
│  User Stats                    Value    User Stats                    Value  │
│  perf                          0.000    score                         0.000  │
│  episode_return               -9.800    episode_length             2139.000  │
│  depth                         0.000    valid_moves                 273.500  │
│  illegal_actions              31.000    new_tiles                    57.000  │
╰──────────────────────────────────────────────────────────────────────────────╯

[0;0H╭──────────────────────────────────────────────────────────────────────────────╮
│  PufferLib 4.0      🐡            GPU: 2%      VRAM: 5.4/39G      RAM: 1.2G  │
│                                                                              │
│  Summary          Value    Evaluate   0d 0h  96%    Losses            Value  │
│  Env            nethack               0m 1s         policy            0.045  │
│  Params            4.0M      GPU       33ms   1%    value             0.212  │
│  Steps             2.3M      Env      0d 0h  95%    entropy           1.012  │
│  SPS              32.0K               0m 1s         total             0.045  │
│  Epoch               35    Train       64ms   3%    old_kl            0.027  │
│  Uptime    0d 0h 1m 16s      Misc       4ms   0%    kl                0.029  │
│  Remaini…     0d 8h 39m      Forwa…    59ms   2%    clipfrac          0.646  │
│                     47s                                                      │
│                                                                              │
│  User Stats                    Value    User Stats                    Value  │
│  perf                          0.000    score                         0.000  │
│  episode_return               -9.800    episode_length             2139.000  │
│  depth                         0.000    valid_moves                 273.500  │
│  illegal_actions              31.000    new_tiles                    57.000  │
╰──────────────────────────────────────────────────────────────────────────────╯

[0;0H╭──────────────────────────────────────────────────────────────────────────────╮
│  PufferLib 4.0     🐡             GPU: 1%      VRAM: 5.4/39G      RAM: 1.2G  │
│                                                                              │
│  Summary          Value    Evaluate   0d 0h  96%    Losses            Value  │
│  Env            nethack               0m 1s         policy            0.032  │
│  Params            4.0M      GPU       32ms   1%    value             0.231  │
│  Steps             2.4M      Env      0d 0h  95%    entropy           1.022  │
│  SPS              31.7K               0m 1s         total             0.033  │
│  Epoch               36    Train       64ms   3%    old_kl            0.013  │
│  Uptime    0d 0h 1m 18s      Misc       4ms   0%    kl                0.013  │
│  Remaini…     0d 8h 44m      Forwa…    59ms   2%    clipfrac          0.627  │
│                     18s                                                      │
│                                                                              │
│  User Stats                    Value    User Stats                    Value  │
│  perf                          0.000    score                         0.000  │
│  episode_return               -9.800    episode_length             2139.000  │
│  depth                         0.000    valid_moves                 273.500  │
│  illegal_actions              31.000    new_tiles                    57.000  │
╰──────────────────────────────────────────────────────────────────────────────╯

[0;0H╭──────────────────────────────────────────────────────────────────────────────╮
│  PufferLib 4.0    🐡              GPU: 2%      VRAM: 5.4/39G      RAM: 1.2G  │
│                                                                              │
│  Summary          Value    Evaluate   0d 0h  96%    Losses            Value  │
│  Env            nethack               0m 1s         policy            0.044  │
│  Params            4.0M      GPU       33ms   1%    value             0.228  │
│  Steps             2.4M      Env      0d 0h  95%    entropy           1.046  │
│  SPS              31.8K               0m 1s         total             0.045  │
│  Epoch               37    Train       64ms   3%    old_kl            0.028  │
│  Uptime    0d 0h 1m 20s      Misc       4ms   0%    kl                0.027  │
│  Remaini…     0d 8h 43m      Forwa…    59ms   2%    clipfrac          0.653  │
│                     13s                                                      │
│                                                                              │
│  User Stats                    Value    User Stats                    Value  │
│  perf                          0.000    score                         0.000  │
│  episode_return               -9.800    episode_length             2139.000  │
│  depth                         0.000    valid_moves                 273.500  │
│  illegal_actions              31.000    new_tiles                    57.000  │
╰──────────────────────────────────────────────────────────────────────────────╯

[0;0H╭──────────────────────────────────────────────────────────────────────────────╮
│  PufferLib 4.0   🐡               GPU: 1%      VRAM: 5.4/39G      RAM: 1.2G  │
│                                                                              │
│  Summary          Value    Evaluate   0d 0h  96%    Losses            Value  │
│  Env            nethack               0m 1s         policy            0.036  │
│  Params            4.0M      GPU       33ms   1%    value             0.199  │
│  Steps             2.5M      Env      0d 0h  95%    entropy           0.950  │
│  SPS              31.9K               0m 1s         total             0.036  │
│  Epoch               38    Train       64ms   3%    old_kl            0.015  │
│  Uptime    0d 0h 1m 22s      Misc       4ms   0%    kl                0.015  │
│  Remaini…     0d 8h 41m      Forwa…    59ms   2%    clipfrac          0.597  │
│                     43s                                                      │
│                                                                              │
│  User Stats                    Value    User Stats                    Value  │
│  perf                          0.000    score                         0.000  │
│  episode_return               -9.800    episode_length             2139.000  │
│  depth                         0.000    valid_moves                 273.500  │
│  illegal_actions              31.000    new_tiles                    57.000  │
╰──────────────────────────────────────────────────────────────────────────────╯

[0;0H╭──────────────────────────────────────────────────────────────────────────────╮
│  PufferLib 4.0  🐡                GPU: 2%      VRAM: 5.4/39G      RAM: 1.2G  │
│                                                                              │
│  Summary          Value    Evaluate   0d 0h  96%    Losses            Value  │
│  Env            nethack               0m 1s         policy            0.033  │
│  Params            4.0M      GPU       33ms   1%    value             0.278  │
│  Steps             2.6M      Env      0d 0h  95%    entropy           0.842  │
│  SPS              31.7K               0m 1s         total             0.043  │
│  Epoch               39    Train       64ms   3%    old_kl            0.010  │
│  Uptime    0d 0h 1m 24s      Misc       4ms   0%    kl                0.011  │
│  Remaini…     0d 8h 44m      Forwa…    59ms   2%    clipfrac          0.536  │
│                     48s                                                      │
│                                                                              │
│  User Stats                    Value    User Stats                    Value  │
│  perf                          0.000    score                         0.000  │
│  episode_return               -9.800    episode_length             2139.000  │
│  depth                         0.000    valid_moves                 273.500  │
│  illegal_actions              31.000    new_tiles                    57.000  │
╰──────────────────────────────────────────────────────────────────────────────╯

[0;0H╭──────────────────────────────────────────────────────────────────────────────╮
│  PufferLib 4.0 🐡                 GPU: 2%      VRAM: 5.4/39G      RAM: 1.2G  │
│                                                                              │
│  Summary          Value    Evaluate   0d 0h  96%    Losses            Value  │
│  Env            nethack               0m 2s         policy            0.033  │
│  Params            4.0M      GPU       33ms   1%    value             0.297  │
│  Steps             2.6M      Env      0d 0h  95%    entropy           0.872  │
│  SPS              30.8K               0m 2s         total             0.045  │
│  Epoch               40    Train       64ms   3%    old_kl            0.011  │
│  Uptime    0d 0h 1m 26s      Misc       4ms   0%    kl                0.011  │
│  Remaini…     0d 8h 59m      Forwa…    59ms   2%    clipfrac          0.585  │
│                     31s                                                      │
│                                                                              │
│  User Stats                    Value    User Stats                    Value  │
│  perf                          0.000    score                         0.000  │
│  episode_return               -8.000    episode_length             2510.000  │
│  depth                         0.000    valid_moves                  52.000  │
│  illegal_actions              27.000    new_tiles                    45.000  │
╰──────────────────────────────────────────────────────────────────────────────╯

[0;0H╭──────────────────────────────────────────────────────────────────────────────╮
│  PufferLib 4.0          🐡        GPU: 1%      VRAM: 5.4/39G      RAM: 1.2G  │
│                                                                              │
│  Summary          Value    Evaluate   0d 0h  97%    Losses            Value  │
│  Env            nethack               0m 2s         policy            0.047  │
│  Params            4.0M      GPU       33ms   1%    value             0.360  │
│  Steps             2.7M      Env      0d 0h  95%    entropy           0.790  │
│  SPS              30.6K               0m 2s         total             0.066  │
│  Epoch               41    Train       64ms   2%    old_kl            0.023  │
│  Uptime    0d 0h 1m 28s      Misc       4ms   0%    kl                0.023  │
│  Remaini…  0d 9h 2m 24s      Forwa…    59ms   2%    clipfrac          0.574  │
│                                                                              │
│  User Stats                    Value    User Stats                    Value  │
│  perf                          0.000    score                         0.000  │
│  episode_return               -8.000    episode_length             2510.000  │
│  depth                         0.000    valid_moves                  52.000  │
│  illegal_actions              27.000    new_tiles                    45.000  │
╰──────────────────────────────────────────────────────────────────────────────╯

[0;0H╭──────────────────────────────────────────────────────────────────────────────╮
│  PufferLib 4.0         🐡         GPU: 2%      VRAM: 5.4/39G      RAM: 1.2G  │
│                                                                              │
│  Summary          Value    Evaluate   0d 0h  97%    Losses            Value  │
│  Env            nethack               0m 2s         policy            0.035  │
│  Params            4.0M      GPU       33ms   1%    value             0.326  │
│  Steps             2.8M      Env      0d 0h  95%    entropy           0.690  │
│  SPS              30.1K               0m 2s         total             0.053  │
│  Epoch               42    Train       64ms   2%    old_kl            0.011  │
│  Uptime    0d 0h 1m 30s      Misc       4ms   0%    kl                0.011  │
│  Remaini…  0d 9h 13m 1s      Forwa…    59ms   2%    clipfrac          0.509  │
│                                                                              │
│  User Stats                    Value    User Stats                    Value  │
│  perf                          0.000    score                         0.000  │
│  episode_return               -8.000    episode_length             2510.000  │
│  depth                         0.000    valid_moves                  52.000  │
│  illegal_actions              27.000    new_tiles                    45.000  │
╰──────────────────────────────────────────────────────────────────────────────╯

[0;0H╭──────────────────────────────────────────────────────────────────────────────╮
│  PufferLib 4.0        🐡          GPU: 1%      VRAM: 5.4/39G      RAM: 1.2G  │
│                                                                              │
│  Summary          Value    Evaluate   0d 0h  97%    Losses            Value  │
│  Env            nethack               0m 2s         policy            0.030  │
│  Params            4.0M      GPU       32ms   1%    value             0.339  │
│  Steps             2.8M      Env      0d 0h  95%    entropy           0.584  │
│  SPS              29.3K               0m 2s         total             0.052  │
│  Epoch               43    Train       64ms   2%    old_kl            0.009  │
│  Uptime    0d 0h 1m 33s      Misc       4ms   0%    kl                0.009  │
│  Remaini…     0d 9h 27m      Forwa…    59ms   2%    clipfrac          0.434  │
│                     10s                                                      │
│                                                                              │
│  User Stats                    Value    User Stats                    Value  │
│  perf                          0.000    score                         0.000  │
│  episode_return               -6.150    episode_length             2715.000  │
│  depth                         0.000    valid_moves                 115.000  │
│  illegal_actions              20.500    new_tiles                    41.000  │
╰──────────────────────────────────────────────────────────────────────────────╯

[0;0H╭──────────────────────────────────────────────────────────────────────────────╮
│  PufferLib 4.0       🐡           GPU: 2%      VRAM: 5.4/39G      RAM: 1.2G  │
│                                                                              │
│  Summary          Value    Evaluate   0d 0h  97%    Losses            Value  │
│  Env            nethack               0m 2s         policy            0.038  │
│  Params            4.0M      GPU       33ms   1%    value             0.380  │
│  Steps             2.9M      Env      0d 0h  95%    entropy           0.611  │
│  SPS              28.7K               0m 2s         total             0.063  │
│  Epoch               44    Train       64ms   2%    old_kl            0.006  │
│  Uptime    0d 0h 1m 35s      Misc       4ms   0%    kl                0.007  │
│  Remaini…     0d 9h 39m      Forwa…    59ms   2%    clipfrac          0.453  │
│                     28s                                                      │
│                                                                              │
│  User Stats                    Value    User Stats                    Value  │
│  perf                          0.000    score                         0.000  │
│  episode_return               -6.350    episode_length             2777.500  │
│  depth                         0.000    valid_moves                 255.500  │
│  illegal_actions              17.000    new_tiles                    21.500  │
╰──────────────────────────────────────────────────────────────────────────────╯

[0;0H╭──────────────────────────────────────────────────────────────────────────────╮
│  PufferLib 4.0      🐡            GPU: 1%      VRAM: 5.4/39G      RAM: 1.2G  │
│                                                                              │
│  Summary          Value    Evaluate   0d 0h  97%    Losses            Value  │
│  Env            nethack               0m 2s         policy            0.037  │
│  Params            4.0M      GPU       33ms   1%    value             0.328  │
│  Steps             2.9M      Env      0d 0h  95%    entropy           0.711  │
│  SPS              27.7K               0m 2s         total             0.055  │
│  Epoch               45    Train       64ms   2%    old_kl            0.010  │
│  Uptime    0d 0h 1m 37s      Misc       4ms   0%    kl                0.012  │
│  Remaini…     0d 10h 0m      Forwa…    59ms   2%    clipfrac          0.552  │
│                     19s                                                      │
│                                                                              │
│  User Stats                    Value    User Stats                    Value  │
│  perf                          0.000    score                         0.000  │
│  episode_return                3.000    episode_length             2839.500  │
│  depth                         0.000    valid_moves                 554.500  │
│  illegal_actions               0.000    new_tiles                    30.000  │
╰──────────────────────────────────────────────────────────────────────────────╯

[0;0H╭──────────────────────────────────────────────────────────────────────────────╮
│  PufferLib 4.0     🐡            GPU: 19%      VRAM: 5.4/39G      RAM: 1.2G  │
│                                                                              │
│  Summary          Value    Evaluate   0d 0h  97%    Losses            Value  │
│  Env            nethack               0m 2s         policy            0.061  │
│  Params            4.0M      GPU       32ms   1%    value             0.185  │
│  Steps             3.0M      Env      0d 0h  95%    entropy           0.714  │
│  SPS              27.9K               0m 2s         total             0.065  │
│  Epoch               46    Train       64ms   2%    old_kl            0.056  │
│  Uptime    0d 0h 1m 40s      Misc       4ms   0%    kl                0.055  │
│  Remaini…     0d 9h 54m      Forwa…    59ms   2%    clipfrac          0.625  │
│                     57s                                                      │
│                                                                              │
│  User Stats                    Value    User Stats                    Value  │
│  perf                          0.000    score                         0.000  │
│  episode_return               -0.760    episode_length             2901.000  │
│  depth                         0.000    valid_moves                 165.000  │
│  illegal_actions              13.400    new_tiles                    59.400  │
╰──────────────────────────────────────────────────────────────────────────────╯

[0;0H╭──────────────────────────────────────────────────────────────────────────────╮
│  PufferLib 4.0    🐡              GPU: 2%      VRAM: 5.4/39G      RAM: 1.2G  │
│                                                                              │
│  Summary          Value    Evaluate   0d 0h  97%    Losses            Value  │
│  Env            nethack               0m 2s         policy            0.035  │
│  Params            4.0M      GPU       33ms   1%    value             0.430  │
│  Steps             3.1M      Env      0d 0h  95%    entropy           0.559  │
│  SPS              28.5K               0m 2s         total             0.067  │
│  Epoch               47    Train       64ms   2%    old_kl            0.015  │
│  Uptime    0d 0h 1m 42s      Misc       4ms   0%    kl                0.014  │
│  Remaini…     0d 9h 42m      Forwa…    59ms   2%    clipfrac          0.512  │
│                     38s                                                      │
│                                                                              │
│  User Stats                    Value    User Stats                    Value  │
│  perf                          0.000    score                         0.000  │
│  episode_return               -0.760    episode_length             2901.000  │
│  depth                         0.000    valid_moves                 165.000  │
│  illegal_actions              13.400    new_tiles                    59.400  │
╰──────────────────────────────────────────────────────────────────────────────╯

[0;0H╭──────────────────────────────────────────────────────────────────────────────╮
│  PufferLib 4.0   🐡               GPU: 1%      VRAM: 5.4/39G      RAM: 1.2G  │
│                                                                              │
│  Summary          Value    Evaluate   0d 0h  97%    Losses            Value  │
│  Env            nethack               0m 2s         policy            0.038  │
│  Params            4.0M      GPU       33ms   1%    value             0.348  │
│  Steps             3.1M      Env      0d 0h  95%    entropy           0.696  │
│  SPS              27.4K               0m 2s         total             0.058  │
│  Epoch               48    Train       64ms   2%    old_kl            0.011  │
│  Uptime    0d 0h 1m 44s      Misc       4ms   0%    kl                0.013  │
│  Remaini…     0d 10h 6m      Forwa…    59ms   2%    clipfrac          0.568  │
│                     56s                                                      │
│                                                                              │
│  User Stats                    Value    User Stats                    Value  │
│  perf                          0.000    score                         0.000  │
│  episode_return                2.700    episode_length             3011.000  │
│  depth                         0.000    valid_moves                 299.000  │
│  illegal_actions               0.000    new_tiles                    27.000  │
╰──────────────────────────────────────────────────────────────────────────────╯

[0;0H╭──────────────────────────────────────────────────────────────────────────────╮
│  PufferLib 4.0  🐡                GPU: 1%      VRAM: 5.4/39G      RAM: 1.2G  │
│                                                                              │
│  Summary          Value    Evaluate   0d 0h  97%    Losses            Value  │
│  Env            nethack               0m 2s         policy            0.027  │
│  Params            4.0M      GPU       32ms   1%    value             0.409  │
│  Steps             3.2M      Env      0d 0h  95%    entropy           0.634  │
│  SPS              27.8K               0m 2s         total             0.055  │
│  Epoch               49    Train       64ms   2%    old_kl            0.004  │
│  Uptime    0d 0h 1m 47s      Misc       4ms   0%    kl                0.004  │
│  Remaini…     0d 9h 58m      Forwa…    59ms   2%    clipfrac          0.437  │
│                     15s                                                      │
│                                                                              │
│  User Stats                    Value    User Stats                    Value  │
│  perf                          0.000    score                         0.000  │
│  episode_return                2.250    episode_length             3088.500  │
│  depth                         0.000    valid_moves                 416.000  │
│  illegal_actions               3.000    new_tiles                    37.500  │
╰──────────────────────────────────────────────────────────────────────────────╯

[0;0H╭──────────────────────────────────────────────────────────────────────────────╮
│  PufferLib 4.0 🐡                 GPU: 1%      VRAM: 5.4/39G      RAM: 1.2G  │
│                                                                              │
│  Summary          Value    Evaluate   0d 0h  97%    Losses            Value  │
│  Env            nethack               0m 2s         policy            0.038  │
│  Params            4.0M      GPU       32ms   1%    value             0.284  │
│  Steps             3.3M      Env      0d 0h  95%    entropy           0.737  │
│  SPS              27.1K               0m 2s         total             0.051  │
│  Epoch               50    Train       64ms   2%    old_kl            0.017  │
│  Uptime    0d 0h 1m 49s      Misc       4ms   0%    kl                0.018  │
│  Remaini…    0d 10h 12m      Forwa…    59ms   2%    clipfrac          0.548  │
│                     16s                                                      │
│                                                                              │
│  User Stats                    Value    User Stats                    Value  │
│  perf                          0.000    score                         0.000  │
│  episode_return                7.400    episode_length             3155.000  │
│  depth                         0.000    valid_moves                 542.000  │
│  illegal_actions               0.000    new_tiles                    74.000  │
╰──────────────────────────────────────────────────────────────────────────────╯

[0;0H╭──────────────────────────────────────────────────────────────────────────────╮
│  PufferLib 4.0          🐡        GPU: 1%      VRAM: 5.4/39G      RAM: 1.2G  │
│                                                                              │
│  Summary          Value    Evaluate   0d 0h  97%    Losses            Value  │
│  Env            nethack               0m 2s         policy            0.032  │
│  Params            4.0M      GPU       33ms   1%    value             0.376  │
│  Steps             3.3M      Env      0d 0h  95%    entropy           0.722  │
│  SPS              27.0K               0m 2s         total             0.055  │
│  Epoch               51    Train       64ms   2%    old_kl            0.010  │
│  Uptime    0d 0h 1m 51s      Misc       4ms   0%    kl                0.011  │
│  Remaini…    0d 10h 14m      Forwa…    59ms   2%    clipfrac          0.537  │
│                     14s                                                      │
│                                                                              │
│  User Stats                    Value    User Stats                    Value  │
│  perf                          0.000    score                         0.000  │
│  episode_return                2.660    episode_length             2647.000  │
│  depth                         0.000    valid_moves                 103.600  │
│  illegal_actions               1.000    new_tiles                    29.600  │
╰──────────────────────────────────────────────────────────────────────────────╯

[0;0H╭──────────────────────────────────────────────────────────────────────────────╮
│  PufferLib 4.0         🐡         GPU: 1%      VRAM: 5.4/39G      RAM: 1.2G  │
│                                                                              │
│  Summary          Value    Evaluate   0d 0h  97%    Losses            Value  │
│  Env            nethack               0m 2s         policy            0.072  │
│  Params            4.0M      GPU       33ms   1%    value             0.139  │
│  Steps             3.4M      Env      0d 0h  95%    entropy           0.928  │
│  SPS              26.5K               0m 2s         total             0.066  │
│  Epoch               52    Train       64ms   2%    old_kl            0.069  │
│  Uptime    0d 0h 1m 54s      Misc       4ms   0%    kl                0.070  │
│  Remaini…    0d 10h 26m      Forwa…    59ms   2%    clipfrac          0.684  │
│                     38s                                                      │
│                                                                              │
│  User Stats                    Value    User Stats                    Value  │
│  perf                          0.000    score                         0.000  │
│  episode_return                1.550    episode_length             1888.000  │
│  depth                         0.000    valid_moves                 144.500  │
│  illegal_actions               0.000    new_tiles                    15.500  │
╰──────────────────────────────────────────────────────────────────────────────╯

[0;0H╭──────────────────────────────────────────────────────────────────────────────╮
│  PufferLib 4.0        🐡          GPU: 1%      VRAM: 5.4/39G      RAM: 1.2G  │
│                                                                              │
│  Summary          Value    Evaluate   0d 0h  97%    Losses            Value  │
│  Env            nethack               0m 2s         policy            0.043  │
│  Params            4.0M      GPU       33ms   1%    value             0.294  │
│  Steps             3.5M      Env      0d 0h  95%    entropy           0.969  │
│  SPS              26.4K               0m 2s         total             0.052  │
│  Epoch               53    Train       64ms   2%    old_kl            0.021  │
│  Uptime    0d 0h 1m 56s      Misc       4ms   0%    kl                0.021  │
│  Remaini…    0d 10h 28m      Forwa…    59ms   2%    clipfrac          0.669  │
│                     38s                                                      │
│                                                                              │
│  User Stats                    Value    User Stats                    Value  │
│  perf                          0.000    score                         0.000  │
│  episode_return              -26.200    episode_length             3344.000  │
│  depth                         0.000    valid_moves                 393.000  │
│  illegal_actions              56.000    new_tiles                    18.000  │
╰──────────────────────────────────────────────────────────────────────────────╯

[0;0H╭──────────────────────────────────────────────────────────────────────────────╮
│  PufferLib 4.0       🐡           GPU: 2%      VRAM: 5.4/39G      RAM: 1.2G  │
│                                                                              │
│  Summary          Value    Evaluate   0d 0h  97%    Losses            Value  │
│  Env            nethack               0m 2s         policy            0.034  │
│  Params            4.0M      GPU       33ms   1%    value             0.375  │
│  Steps             3.5M      Env      0d 0h  95%    entropy           0.894  │
│  SPS              27.1K               0m 2s         total             0.053  │
│  Epoch               54    Train       64ms   2%    old_kl            0.013  │
│  Uptime    0d 0h 1m 59s      Misc       4ms   0%    kl                0.014  │
│  Remaini…    0d 10h 12m      Forwa…    59ms   2%    clipfrac          0.608  │
│                     24s                                                      │
│                                                                              │
│  User Stats                    Value    User Stats                    Value  │
│  perf                          0.000    score                         0.000  │
│  episode_return                2.700    episode_length             3406.000  │
│  depth                         0.000    valid_moves                  87.000  │
│  illegal_actions               4.000    new_tiles                    47.000  │
╰──────────────────────────────────────────────────────────────────────────────╯

[0;0H╭──────────────────────────────────────────────────────────────────────────────╮
│  PufferLib 4.0      🐡            GPU: 1%      VRAM: 5.4/39G      RAM: 1.2G  │
│                                                                              │
│  Summary          Value    Evaluate   0d 0h  97%    Losses            Value  │
│  Env            nethack               0m 2s         policy            0.030  │
│  Params            4.0M      GPU       33ms   1%    value             0.348  │
│  Steps             3.6M      Env      0d 0h  95%    entropy           1.025  │
│  SPS              26.7K               0m 2s         total             0.043  │
│  Epoch               55    Train       64ms   2%    old_kl            0.008  │
│  Uptime     0d 0h 2m 1s      Misc       4ms   0%    kl                0.008  │
│  Remaini…    0d 10h 21m      Forwa…    59ms   2%    clipfrac          0.637  │
│                     58s                                                      │
│                                                                              │
│  User Stats                    Value    User Stats                    Value  │
│  perf                          0.000    score                         0.000  │
│  episode_return                2.700    episode_length             3406.000  │
│  depth                         0.000    valid_moves                  87.000  │
│  illegal_actions               4.000    new_tiles                    47.000  │
╰──────────────────────────────────────────────────────────────────────────────╯

[0;0H╭──────────────────────────────────────────────────────────────────────────────╮
│  PufferLib 4.0     🐡             GPU: 2%      VRAM: 5.4/39G      RAM: 1.2G  │
│                                                                              │
│  Summary          Value    Evaluate   0d 0h  97%    Losses            Value  │
│  Env            nethack               0m 2s         policy            0.043  │
│  Params            4.0M      GPU       33ms   1%    value             0.247  │
│  Steps             3.7M      Env      0d 0h  95%    entropy           1.023  │
│  SPS              26.2K               0m 2s         total             0.046  │
│  Epoch               56    Train       64ms   2%    old_kl            0.017  │
│  Uptime     0d 0h 2m 4s      Misc       4ms   0%    kl                0.017  │
│  Remaini…    0d 10h 33m      Forwa…    59ms   2%    clipfrac          0.650  │
│                     26s                                                      │
│                                                                              │
│  User Stats                    Value    User Stats                    Value  │
│  perf                          0.000    score                         0.000  │
│  episode_return                5.550    episode_length             3558.833  │
│  depth                         0.000    valid_moves                 411.833  │
│  illegal_actions               1.000    new_tiles                    58.833  │
╰──────────────────────────────────────────────────────────────────────────────╯

[0;0H╭──────────────────────────────────────────────────────────────────────────────╮
│  PufferLib 4.0    🐡              GPU: 2%      VRAM: 5.4/39G      RAM: 1.2G  │
│                                                                              │
│  Summary          Value    Evaluate   0d 0h  97%    Losses            Value  │
│  Env            nethack               0m 2s         policy            0.033  │
│  Params            4.0M      GPU       33ms   1%    value             0.291  │
│  Steps             3.7M      Env      0d 0h  95%    entropy           0.959  │
│  SPS              26.8K               0m 2s         total             0.042  │
│  Epoch               57    Train       64ms   2%    old_kl            0.009  │
│  Uptime     0d 0h 2m 6s      Misc       4ms   0%    kl                0.008  │
│  Remaini…    0d 10h 20m      Forwa…    59ms   2%    clipfrac          0.606  │
│                      4s                                                      │
│                                                                              │
│  User Stats                    Value    User Stats                    Value  │
│  perf                          0.000    score                         0.000  │
│  episode_return                3.200    episode_length             3615.000  │
│  depth                         0.000    valid_moves                 571.000  │
│  illegal_actions               1.500    new_tiles                    39.500  │
╰──────────────────────────────────────────────────────────────────────────────╯

[0;0H╭──────────────────────────────────────────────────────────────────────────────╮
│  PufferLib 4.0   🐡               GPU: 2%      VRAM: 5.4/39G      RAM: 1.2G  │
│                                                                              │
│  Summary          Value    Evaluate   0d 0h  97%    Losses            Value  │
│  Env            nethack               0m 2s         policy            0.048  │
│  Params            4.0M      GPU       32ms   1%    value             0.328  │
│  Steps             3.8M      Env      0d 0h  95%    entropy           0.774  │
│  SPS              27.6K               0m 2s         total             0.065  │
│  Epoch               58    Train       64ms   2%    old_kl            0.036  │
│  Uptime     0d 0h 2m 9s      Misc       4ms   0%    kl                0.035  │
│  Remaini…     0d 10h 0m      Forwa…    59ms   2%    clipfrac          0.602  │
│                     35s                                                      │
│                                                                              │
│  User Stats                    Value    User Stats                    Value  │
│  perf                          0.000    score                         0.000  │
│  episode_return                3.200    episode_length             3615.000  │
│  depth                         0.000    valid_moves                 571.000  │
│  illegal_actions               1.500    new_tiles                    39.500  │
╰──────────────────────────────────────────────────────────────────────────────╯

[0;0H╭──────────────────────────────────────────────────────────────────────────────╮
│  PufferLib 4.0  🐡                GPU: 2%      VRAM: 5.4/39G      RAM: 1.2G  │
│                                                                              │
│  Summary          Value    Evaluate   0d 0h  97%    Losses            Value  │
│  Env            nethack               0m 2s         policy            0.040  │
│  Params            4.0M      GPU       33ms   1%    value             0.335  │
│  Steps             3.9M      Env      0d 0h  95%    entropy           0.807  │
│  SPS              27.1K               0m 2s         total             0.057  │
│  Epoch               59    Train       64ms   2%    old_kl            0.022  │
│  Uptime    0d 0h 2m 11s      Misc       4ms   0%    kl                0.022  │
│  Remaini…    0d 10h 13m      Forwa…    59ms   2%    clipfrac          0.595  │
│                     15s                                                      │
│                                                                              │
│  User Stats                    Value    User Stats                    Value  │
│  perf                          0.000    score                         0.000  │
│  episode_return               -7.500    episode_length             3756.000  │
│  depth                         0.000    valid_moves                 300.250  │
│  illegal_actions              25.250    new_tiles                    46.250  │
╰──────────────────────────────────────────────────────────────────────────────╯

[0;0H╭──────────────────────────────────────────────────────────────────────────────╮
│  PufferLib 4.0 🐡                GPU: 15%      VRAM: 5.4/39G      RAM: 1.2G  │
│                                                                              │
│  Summary          Value    Evaluate   0d 0h  97%    Losses            Value  │
│  Env            nethack               0m 2s         policy            0.032  │
│  Params            4.0M      GPU       32ms   1%    value             0.473  │
│  Steps             3.9M      Env      0d 0h  96%    entropy           1.070  │
│  SPS              23.7K               0m 2s         total             0.057  │
│  Epoch               60    Train       64ms   2%    old_kl            0.014  │
│  Uptime    0d 0h 2m 14s      Misc       4ms   0%    kl                0.015  │
│  Remaini…    0d 11h 39m      Forwa…    59ms   2%    clipfrac          0.668  │
│                     17s                                                      │
│                                                                              │
│  User Stats                    Value    User Stats                    Value  │
│  perf                          0.000    score                         0.000  │
│  episode_return                5.650    episode_length             3811.000  │
│  depth                         0.000    valid_moves                 641.500  │
│  illegal_actions               0.500    new_tiles                    59.000  │
╰──────────────────────────────────────────────────────────────────────────────╯

[0;0H╭──────────────────────────────────────────────────────────────────────────────╮
│  PufferLib 4.0          🐡        GPU: 1%      VRAM: 5.4/39G      RAM: 1.2G  │
│                                                                              │
│  Summary          Value    Evaluate   0d 0h  98%    Losses            Value  │
│  Env            nethack               0m 3s         policy           -0.009  │
│  Params            4.0M      GPU       33ms   0%    value             0.455  │
│  Steps             4.0M      Env      0d 0h  97%    entropy           1.211  │
│  SPS              19.1K               0m 3s         total             0.011  │
│  Epoch               61    Train       64ms   1%    old_kl            0.014  │
│  Uptime    0d 0h 2m 17s      Misc       4ms   0%    kl                0.013  │
│  Remaini…    0d 14h 31m      Forwa…    59ms   1%    clipfrac          0.682  │
│                     23s                                                      │
│                                                                              │
│  User Stats                    Value    User Stats                    Value  │
│  perf                          0.000    score                         0.000  │
│  episode_return               -8.767    episode_length             3868.333  │
│  depth                         0.000    valid_moves                 326.000  │
│  illegal_actions              23.333    new_tiles                    29.000  │
╰──────────────────────────────────────────────────────────────────────────────╯

[0;0H╭──────────────────────────────────────────────────────────────────────────────╮
│  PufferLib 4.0         🐡         GPU: 1%      VRAM: 5.4/39G      RAM: 1.2G  │
│                                                                              │
│  Summary          Value    Evaluate   0d 0h  97%    Losses            Value  │
│  Env            nethack               0m 2s         policy            0.036  │
│  Params            4.0M      GPU       33ms   1%    value             0.301  │
│  Steps             4.1M      Env      0d 0h  96%    entropy           1.281  │
│  SPS              24.0K               0m 2s         total             0.039  │
│  Epoch               62    Train       64ms   2%    old_kl            0.017  │
│  Uptime    0d 0h 2m 20s      Misc       4ms   0%    kl                0.016  │
│  Remaini…    0d 11h 30m      Forwa…    59ms   2%    clipfrac          0.710  │
│                     35s                                                      │
│                                                                              │
│  User Stats                    Value    User Stats                    Value  │
│  perf                          0.000    score                         0.000  │
│  episode_return               -1.150    episode_length             3931.250  │
│  depth                         0.000    valid_moves                 683.750  │
│  illegal_actions              12.750    new_tiles                    49.750  │
╰──────────────────────────────────────────────────────────────────────────────╯

[0;0H╭──────────────────────────────────────────────────────────────────────────────╮
│  PufferLib 4.0        🐡          GPU: 1%      VRAM: 5.4/39G      RAM: 1.2G  │
│                                                                              │
│  Summary          Value    Evaluate   0d 0h  97%    Losses            Value  │
│  Env            nethack               0m 2s         policy            0.041  │
│  Params            4.0M      GPU       33ms   1%    value             0.218  │
│  Steps             4.1M      Env      0d 0h  96%    entropy           1.403  │
│  SPS              23.7K               0m 2s         total             0.034  │
│  Epoch               63    Train       64ms   2%    old_kl            0.015  │
│  Uptime    0d 0h 2m 23s      Misc       4ms   0%    kl                0.014  │
│  Remaini…    0d 11h 41m      Forwa…    59ms   2%    clipfrac          0.742  │
│                     30s                                                      │
│                                                                              │
│  User Stats                    Value    User Stats                    Value  │
│  perf                          0.000    score                         0.000  │
│  episode_return                5.233    episode_length             3987.000  │
│  depth                         0.000    valid_moves                 433.000  │
│  illegal_actions               2.000    new_tiles                    59.000  │
╰──────────────────────────────────────────────────────────────────────────────╯

[0;0H╭──────────────────────────────────────────────────────────────────────────────╮
│  PufferLib 4.0       🐡           GPU: 1%      VRAM: 5.4/39G      RAM: 1.2G  │
│                                                                              │
│  Summary          Value    Evaluate   0d 0h  97%    Losses            Value  │
│  Env            nethack               0m 2s         policy            0.029  │
│  Params            4.0M      GPU       33ms   1%    value             0.311  │
│  Steps             4.2M      Env      0d 0h  96%    entropy           1.393  │
│  SPS              24.0K               0m 2s         total             0.031  │
│  Epoch               64    Train       64ms   2%    old_kl            0.009  │
│  Uptime    0d 0h 2m 25s      Misc       4ms   0%    kl                0.009  │
│  Remaini…    0d 11h 31m      Forwa…    59ms   2%    clipfrac          0.729  │
│                     42s                                                      │
│                                                                              │
│  User Stats                    Value    User Stats                    Value  │
│  perf                          0.000    score                         0.000  │
│  episode_return                1.500    episode_length             4071.000  │
│  depth                         0.000    valid_moves                 198.000  │
│  illegal_actions               8.000    new_tiles                    55.000  │
╰──────────────────────────────────────────────────────────────────────────────╯

[0;0H╭──────────────────────────────────────────────────────────────────────────────╮
│  PufferLib 4.0      🐡            GPU: 1%      VRAM: 5.4/39G      RAM: 1.2G  │
│                                                                              │
│  Summary          Value    Evaluate   0d 0h  97%    Losses            Value  │
│  Env            nethack               0m 2s         policy            0.037  │
│  Params            4.0M      GPU       32ms   1%    value             0.228  │
│  Steps             4.3M      Env      0d 0h  96%    entropy           1.452  │
│  SPS              24.0K               0m 2s         total             0.029  │
│  Epoch               65    Train       64ms   2%    old_kl            0.014  │
│  Uptime    0d 0h 2m 28s      Misc       4ms   0%    kl                0.015  │
│  Remaini…    0d 11h 31m      Forwa…    59ms   2%    clipfrac          0.743  │
│                      4s                                                      │
│                                                                              │
│  User Stats                    Value    User Stats                    Value  │
│  perf                          0.000    score                         0.000  │
│  episode_return                5.750    episode_length             4130.000  │
│  depth                         0.000    valid_moves                 581.500  │
│  illegal_actions               1.500    new_tiles                    65.000  │
╰──────────────────────────────────────────────────────────────────────────────╯

[0;0H╭──────────────────────────────────────────────────────────────────────────────╮
│  PufferLib 4.0     🐡             GPU: 1%      VRAM: 5.4/39G      RAM: 1.2G  │
│                                                                              │
│  Summary          Value    Evaluate   0d 0h  97%    Losses            Value  │
│  Env            nethack               0m 2s         policy            0.007  │
│  Params            4.0M      GPU       32ms   1%    value             0.681  │
│  Steps             4.3M      Env      0d 0h  96%    entropy           1.486  │
│  SPS              23.4K               0m 2s         total             0.044  │
│  Epoch               66    Train       64ms   2%    old_kl            0.004  │
│  Uptime    0d 0h 2m 31s      Misc       4ms   0%    kl                0.003  │
│  Remaini…    0d 11h 48m      Forwa…    59ms   2%    clipfrac          0.717  │
│                     28s                                                      │
│                                                                              │
│  User Stats                    Value    User Stats                    Value  │
│  perf                          0.000    score                         0.000  │
│  episode_return                5.625    episode_length             3389.750  │
│  depth                         0.000    valid_moves                 303.250  │
│  illegal_actions               1.625    new_tiles                    63.125  │
╰──────────────────────────────────────────────────────────────────────────────╯

[0;0H╭──────────────────────────────────────────────────────────────────────────────╮
│  PufferLib 4.0    🐡              GPU: 1%      VRAM: 5.4/39G      RAM: 1.2G  │
│                                                                              │
│  Summary          Value    Evaluate   0d 0h  97%    Losses            Value  │
│  Env            nethack               0m 2s         policy            0.034  │
│  Params            4.0M      GPU       32ms   1%    value             0.198  │
│  Steps             4.4M      Env      0d 0h  96%    entropy           1.483  │
│  SPS              23.8K               0m 2s         total             0.023  │
│  Epoch               67    Train       64ms   2%    old_kl            0.016  │
│  Uptime    0d 0h 2m 34s      Misc       4ms   0%    kl                0.016  │
│  Remaini…    0d 11h 36m      Forwa…    59ms   2%    clipfrac          0.747  │
│                     37s                                                      │
│                                                                              │
│  User Stats                    Value    User Stats                    Value  │
│  perf                          0.000    score                         0.000  │
│  episode_return                5.175    episode_length             3272.000  │
│  depth                         0.000    valid_moves                 346.250  │
│  illegal_actions               1.250    new_tiles                    58.000  │
╰──────────────────────────────────────────────────────────────────────────────╯

