Detected discrete action space with 1 heads
Num workers: 1
[0;0H╭──────────────────────────────────────────────────────────────────────────────╮
│  PufferLib 4.0 🐡                 GPU: 0%      VRAM: 3.0/39G      RAM: 1.0G  │
│                                                                              │
│  Summary          Value    Evaluate     0ms   0%    Losses            Value  │
│  Env            nethack      GPU        0ms   0%    policy           -0.006  │
│  Params            4.0M      Env        0ms   0%    value             0.000  │
│  Steps              0.0    Train      249ms  99%    entropy           3.112  │
│  SPS                0.0      Misc      17ms   6%    total            -0.071  │
│  Epoch                0      Forwa…   232ms  93%    old_kl            0.001  │
│  Uptime             0ms                             kl                0.000  │
│  Remaini…   A hair past                             clipfrac          0.309  │
│               a freckle                                                      │
│                                                                              │
│  User Stats                    Value    User Stats                    Value  │
╰──────────────────────────────────────────────────────────────────────────────╯

[0;0H╭──────────────────────────────────────────────────────────────────────────────╮
│  PufferLib 4.0          🐡        GPU: 1%      VRAM: 3.0/39G      RAM: 1.0G  │
│                                                                              │
│  Summary          Value    Evaluate   0d 0h  98%    Losses            Value  │
│  Env            nethack               0m 2s         policy           -0.086  │
│  Params            4.0M      GPU       34ms   1%    value             1.941  │
│  Steps            32.8K      Env      0d 0h  96%    entropy           0.987  │
│  SPS              13.9K               0m 2s         total             0.087  │
│  Epoch                1    Train       37ms   1%    old_kl            0.172  │
│  Uptime     0d 0h 0m 2s      Misc       2ms   0%    kl                0.174  │
│  Remaini…     0d 1h 59m      Forwa…    35ms   1%    clipfrac          0.768  │
│                     27s                                                      │
│                                                                              │
│  User Stats                    Value    User Stats                    Value  │
╰──────────────────────────────────────────────────────────────────────────────╯

[0;0H╭──────────────────────────────────────────────────────────────────────────────╮
│  PufferLib 4.0         🐡         GPU: 2%      VRAM: 3.0/39G      RAM: 1.0G  │
│                                                                              │
│  Summary          Value    Evaluate   0d 0h  96%    Losses            Value  │
│  Env            nethack               0m 1s         policy            0.054  │
│  Params            4.0M      GPU       27ms   2%    value             1.080  │
│  Steps            65.5K      Env      0d 0h  94%    entropy           0.881  │
│  SPS              26.3K               0m 1s         total             0.143  │
│  Epoch                2    Train       37ms   3%    old_kl            0.269  │
│  Uptime     0d 0h 0m 3s      Misc       2ms   0%    kl                0.269  │
│  Remaini…  0d 1h 3m 18s      Forwa…    35ms   2%    clipfrac          0.812  │
│                                                                              │
│  User Stats                    Value    User Stats                    Value  │
│  perf                          0.000    score                         0.000  │
│  episode_return               -2.550    episode_length               96.500  │
│  depth                         0.000    valid_moves                  24.167  │
│  illegal_actions               7.333    new_tiles                     9.500  │
╰──────────────────────────────────────────────────────────────────────────────╯

[0;0H╭──────────────────────────────────────────────────────────────────────────────╮
│  PufferLib 4.0        🐡          GPU: 0%      VRAM: 3.0/39G      RAM: 1.0G  │
│                                                                              │
│  Summary          Value    Evaluate   0d 0h  97%    Losses            Value  │
│  Env            nethack               0m 1s         policy            0.061  │
│  Params            4.0M      GPU       27ms   1%    value             0.696  │
│  Steps            98.3K      Env      0d 0h  95%    entropy           0.828  │
│  SPS              19.6K               0m 1s         total             0.113  │
│  Epoch                3    Train       37ms   2%    old_kl            0.231  │
│  Uptime     0d 0h 0m 5s      Misc       2ms   0%    kl                0.233  │
│  Remaini…     0d 1h 25m      Forwa…    35ms   2%    clipfrac          0.782  │
│                     10s                                                      │
│                                                                              │
│  User Stats                    Value    User Stats                    Value  │
│  perf                          0.000    score                         0.000  │
│  episode_return               -1.400    episode_length              160.000  │
│  depth                         0.000    valid_moves                  48.200  │
│  illegal_actions               4.400    new_tiles                     8.000  │
╰──────────────────────────────────────────────────────────────────────────────╯

[0;0H╭──────────────────────────────────────────────────────────────────────────────╮
│  PufferLib 4.0       🐡           GPU: 2%      VRAM: 3.0/39G      RAM: 1.0G  │
│                                                                              │
│  Summary          Value    Evaluate   0d 0h  97%    Losses            Value  │
│  Env            nethack               0m 1s         policy            0.059  │
│  Params            4.0M      GPU       27ms   2%    value             0.616  │
│  Steps           131.1K      Env      0d 0h  94%    entropy           0.796  │
│  SPS              25.2K               0m 1s         total             0.104  │
│  Epoch                4    Train       37ms   2%    old_kl            0.140  │
│  Uptime     0d 0h 0m 6s      Misc       2ms   0%    kl                0.149  │
│  Remaini…  0d 1h 6m 10s      Forwa…    35ms   2%    clipfrac          0.775  │
│                                                                              │
│  User Stats                    Value    User Stats                    Value  │
│  perf                          0.000    score                         0.000  │
│  episode_return                1.000    episode_length              228.500  │
│  depth                         0.000    valid_moves                  92.500  │
│  illegal_actions               0.500    new_tiles                    12.500  │
╰──────────────────────────────────────────────────────────────────────────────╯

[0;0H╭──────────────────────────────────────────────────────────────────────────────╮
│  PufferLib 4.0      🐡            GPU: 2%      VRAM: 3.0/39G      RAM: 1.0G  │
│                                                                              │
│  Summary          Value    Evaluate   0d 0h  96%    Losses            Value  │
│  Env            nethack               0m 1s         policy            0.046  │
│  Params            4.0M      GPU       27ms   2%    value             0.643  │
│  Steps           163.8K      Env      0d 0h  94%    entropy           0.669  │
│  SPS              27.8K               0m 1s         total             0.096  │
│  Epoch                5    Train       37ms   3%    old_kl            0.147  │
│  Uptime     0d 0h 0m 7s      Misc       2ms   0%    kl                0.150  │
│  Remaini…     0d 0h 59m      Forwa…    35ms   3%    clipfrac          0.720  │
│                     51s                                                      │
│                                                                              │
│  User Stats                    Value    User Stats                    Value  │
│  perf                          0.000    score                         0.000  │
│  episode_return              -18.350    episode_length              302.000  │
│  depth                         0.000    valid_moves                  59.000  │
│  illegal_actions              39.000    new_tiles                    11.500  │
╰──────────────────────────────────────────────────────────────────────────────╯

[0;0H╭──────────────────────────────────────────────────────────────────────────────╮
│  PufferLib 4.0     🐡             GPU: 2%      VRAM: 3.0/39G      RAM: 1.0G  │
│                                                                              │
│  Summary          Value    Evaluate   0d 0h  96%    Losses            Value  │
│  Env            nethack               0m 1s         policy            0.053  │
│  Params            4.0M      GPU       27ms   2%    value             0.382  │
│  Steps           196.6K      Env      0d 0h  94%    entropy           0.624  │
│  SPS              27.2K               0m 1s         total             0.078  │
│  Epoch                6    Train       37ms   3%    old_kl            0.137  │
│  Uptime     0d 0h 0m 8s      Misc       2ms   0%    kl                0.141  │
│  Remaini…   0d 1h 1m 6s      Forwa…    35ms   2%    clipfrac          0.704  │
│                                                                              │
│  User Stats                    Value    User Stats                    Value  │
│  perf                          0.000    score                         0.000  │
│  episode_return               -4.800    episode_length              369.000  │
│  depth                         0.000    valid_moves                 112.500  │
│  illegal_actions              14.500    new_tiles                    24.500  │
╰──────────────────────────────────────────────────────────────────────────────╯

[0;0H╭──────────────────────────────────────────────────────────────────────────────╮
│  PufferLib 4.0    🐡              GPU: 3%      VRAM: 3.0/39G      RAM: 1.0G  │
│                                                                              │
│  Summary          Value    Evaluate   0d 0h  96%    Losses            Value  │
│  Env            nethack               0m 1s         policy            0.051  │
│  Params            4.0M      GPU       27ms   2%    value             0.428  │
│  Steps           229.4K      Env      0d 0h  93%    entropy           0.603  │
│  SPS              29.1K               0m 1s         total             0.081  │
│  Epoch                7    Train       37ms   3%    old_kl            0.206  │
│  Uptime    0d 0h 0m 10s      Misc       2ms   0%    kl                0.198  │
│  Remaini…  0d 0h 57m 9s      Forwa…    35ms   3%    clipfrac          0.659  │
│                                                                              │
│  User Stats                    Value    User Stats                    Value  │
│  perf                          0.000    score                         0.000  │
│  episode_return              -16.550    episode_length              402.000  │
│  depth                         0.000    valid_moves                 127.500  │
│  illegal_actions              35.000    new_tiles                     9.500  │
╰──────────────────────────────────────────────────────────────────────────────╯

[0;0H╭──────────────────────────────────────────────────────────────────────────────╮
│  PufferLib 4.0   🐡               GPU: 3%      VRAM: 3.0/39G      RAM: 1.0G  │
│                                                                              │
│  Summary          Value    Evaluate   0d 0h  96%    Losses            Value  │
│  Env            nethack               0m 1s         policy            0.067  │
│  Params            4.0M      GPU       27ms   2%    value             0.259  │
│  Steps           262.1K      Env      0d 0h  93%    entropy           0.626  │
│  SPS              30.3K               0m 1s         total             0.080  │
│  Epoch                8    Train       37ms   3%    old_kl            0.151  │
│  Uptime    0d 0h 0m 11s      Misc       2ms   0%    kl                0.156  │
│  Remaini…     0d 0h 54m      Forwa…    35ms   3%    clipfrac          0.644  │
│                     54s                                                      │
│                                                                              │
│  User Stats                    Value    User Stats                    Value  │
│  perf                          0.000    score                         0.000  │
│  episode_return                0.800    episode_length              491.333  │
│  depth                         0.000    valid_moves                 189.000  │
│  illegal_actions               0.333    new_tiles                     9.667  │
╰──────────────────────────────────────────────────────────────────────────────╯

[0;0H╭──────────────────────────────────────────────────────────────────────────────╮
│  PufferLib 4.0  🐡                GPU: 2%      VRAM: 3.0/39G      RAM: 1.0G  │
│                                                                              │
│  Summary          Value    Evaluate   0d 0h  96%    Losses            Value  │
│  Env            nethack               0m 1s         policy            0.045  │
│  Params            4.0M      GPU       27ms   2%    value             0.280  │
│  Steps           294.9K      Env      0d 0h  93%    entropy           0.572  │
│  SPS              30.3K               0m 1s         total             0.061  │
│  Epoch                9    Train       37ms   3%    old_kl            0.066  │
│  Uptime    0d 0h 0m 12s      Misc       2ms   0%    kl                0.067  │
│  Remaini…     0d 0h 54m      Forwa…    35ms   3%    clipfrac          0.608  │
│                     49s                                                      │
│                                                                              │
│  User Stats                    Value    User Stats                    Value  │
│  perf                          0.000    score                         0.000  │
│  episode_return                0.800    episode_length              491.333  │
│  depth                         0.000    valid_moves                 189.000  │
│  illegal_actions               0.333    new_tiles                     9.667  │
╰──────────────────────────────────────────────────────────────────────────────╯

[0;0H╭──────────────────────────────────────────────────────────────────────────────╮
│  PufferLib 4.0 🐡                 GPU: 2%      VRAM: 3.0/39G      RAM: 1.0G  │
│                                                                              │
│  Summary          Value    Evaluate   0d 0h  97%    Losses            Value  │
│  Env            nethack               0m 1s         policy            0.047  │
│  Params            4.0M      GPU       27ms   2%    value             0.132  │
│  Steps           327.7K      Env      0d 0h  94%    entropy           0.513  │
│  SPS              24.8K               0m 1s         total             0.049  │
│  Epoch               10    Train       37ms   2%    old_kl            0.064  │
│  Uptime    0d 0h 0m 13s      Misc       2ms   0%    kl                0.070  │
│  Remaini…   0d 1h 7m 2s      Forwa…    35ms   2%    clipfrac          0.557  │
│                                                                              │
│  User Stats                    Value    User Stats                    Value  │
│  perf                          0.000    score                         0.000  │
│  episode_return              -13.700    episode_length              463.333  │
│  depth                         0.000    valid_moves                 153.667  │
│  illegal_actions              29.000    new_tiles                     8.000  │
╰──────────────────────────────────────────────────────────────────────────────╯

[0;0H╭──────────────────────────────────────────────────────────────────────────────╮
│  PufferLib 4.0          🐡        GPU: 3%      VRAM: 3.0/39G      RAM: 1.0G  │
│                                                                              │
│  Summary          Value    Evaluate   997ms  96%    Losses            Value  │
│  Env            nethack      GPU       27ms   2%    policy            0.031  │
│  Params            4.0M      Env      968ms  93%    value             0.571  │
│  Steps           360.4K    Train       37ms   3%    entropy           0.337  │
│  SPS              31.3K      Misc       2ms   0%    total             0.081  │
│  Epoch               11      Forwa…    35ms   3%    old_kl            0.070  │
│  Uptime    0d 0h 0m 14s                             kl                0.071  │
│  Remaini…  0d 0h 53m 5s                             clipfrac          0.442  │
│                                                                              │
│  User Stats                    Value    User Stats                    Value  │
│  perf                          0.000    score                         0.000  │
│  episode_return                0.700    episode_length              603.500  │
│  depth                         0.000    valid_moves                 303.500  │
│  illegal_actions               1.000    new_tiles                    12.000  │
╰──────────────────────────────────────────────────────────────────────────────╯

[0;0H╭──────────────────────────────────────────────────────────────────────────────╮
│  PufferLib 4.0         🐡         GPU: 3%      VRAM: 3.0/39G      RAM: 1.0G  │
│                                                                              │
│  Summary          Value    Evaluate   980ms  96%    Losses            Value  │
│  Env            nethack      GPU       27ms   2%    policy            0.047  │
│  Params            4.0M      Env      950ms  93%    value             0.200  │
│  Steps           393.2K    Train       37ms   3%    entropy           0.334  │
│  SPS              31.8K      Misc       2ms   0%    total             0.060  │
│  Epoch               12      Forwa…    35ms   3%    old_kl            0.084  │
│  Uptime    0d 0h 0m 15s                             kl                0.096  │
│  Remaini…     0d 0h 52m                             clipfrac          0.407  │
│                     11s                                                      │
│                                                                              │
│  User Stats                    Value    User Stats                    Value  │
│  perf                          0.000    score                         0.000  │
│  episode_return                0.700    episode_length              603.500  │
│  depth                         0.000    valid_moves                 303.500  │
│  illegal_actions               1.000    new_tiles                    12.000  │
╰──────────────────────────────────────────────────────────────────────────────╯

[0;0H╭──────────────────────────────────────────────────────────────────────────────╮
│  PufferLib 4.0        🐡          GPU: 3%      VRAM: 3.0/39G      RAM: 1.0G  │
│                                                                              │
│  Summary          Value    Evaluate   980ms  96%    Losses            Value  │
│  Env            nethack      GPU       27ms   2%    policy            0.041  │
│  Params            4.0M      Env      950ms  93%    value             0.131  │
│  Steps           426.0K    Train       37ms   3%    entropy           0.366  │
│  SPS              31.8K      Misc       2ms   0%    total             0.046  │
│  Epoch               13      Forwa…    35ms   3%    old_kl            0.056  │
│  Uptime    0d 0h 0m 16s                             kl                0.056  │
│  Remaini…  0d 0h 52m 9s                             clipfrac          0.464  │
│                                                                              │
│  User Stats                    Value    User Stats                    Value  │
│  perf                          0.000    score                         0.000  │
│  episode_return               -0.800    episode_length              807.000  │
│  depth                         0.000    valid_moves                 146.000  │
│  illegal_actions               6.000    new_tiles                    22.000  │
╰──────────────────────────────────────────────────────────────────────────────╯

[0;0H╭──────────────────────────────────────────────────────────────────────────────╮
│  PufferLib 4.0       🐡           GPU: 3%      VRAM: 3.0/39G      RAM: 1.0G  │
│                                                                              │
│  Summary          Value    Evaluate   970ms  96%    Losses            Value  │
│  Env            nethack      GPU       27ms   2%    policy            0.049  │
│  Params            4.0M      Env      940ms  93%    value             0.213  │
│  Steps           458.8K    Train       37ms   3%    entropy           0.224  │
│  SPS              32.1K      Misc       2ms   0%    total             0.066  │
│  Epoch               14      Forwa…    35ms   3%    old_kl            0.081  │
│  Uptime    0d 0h 0m 17s                             kl                0.082  │
│  Remaini…     0d 0h 51m                             clipfrac          0.344  │
│                     36s                                                      │
│                                                                              │
│  User Stats                    Value    User Stats                    Value  │
│  perf                          0.000    score                         0.000  │
│  episode_return               -0.800    episode_length              807.000  │
│  depth                         0.000    valid_moves                 146.000  │
│  illegal_actions               6.000    new_tiles                    22.000  │
╰──────────────────────────────────────────────────────────────────────────────╯

[0;0H╭──────────────────────────────────────────────────────────────────────────────╮
│  PufferLib 4.0      🐡            GPU: 3%      VRAM: 3.0/39G      RAM: 1.0G  │
│                                                                              │
│  Summary          Value    Evaluate   965ms  96%    Losses            Value  │
│  Env            nethack      GPU       27ms   2%    policy            0.041  │
│  Params            4.0M      Env      935ms  93%    value             0.109  │
│  Steps           491.5K    Train       37ms   3%    entropy           0.198  │
│  SPS              32.3K      Misc       2ms   0%    total             0.048  │
│  Epoch               15      Forwa…    35ms   3%    old_kl            0.052  │
│  Uptime    0d 0h 0m 18s                             kl                0.053  │
│  Remaini…     0d 0h 51m                             clipfrac          0.261  │
│                     21s                                                      │
│                                                                              │
│  User Stats                    Value    User Stats                    Value  │
│  perf                          0.000    score                         0.000  │
│  episode_return               -0.800    episode_length              807.000  │
│  depth                         0.000    valid_moves                 146.000  │
│  illegal_actions               6.000    new_tiles                    22.000  │
╰──────────────────────────────────────────────────────────────────────────────╯

[0;0H╭──────────────────────────────────────────────────────────────────────────────╮
│  PufferLib 4.0     🐡             GPU: 3%      VRAM: 3.0/39G      RAM: 1.0G  │
│                                                                              │
│  Summary          Value    Evaluate   949ms  96%    Losses            Value  │
│  Env            nethack      GPU       27ms   2%    policy            0.036  │
│  Params            4.0M      Env      919ms  93%    value             0.199  │
│  Steps           524.3K    Train       37ms   3%    entropy           0.175  │
│  SPS              32.8K      Misc       2ms   0%    total             0.052  │
│  Epoch               16      Forwa…    35ms   3%    old_kl            0.033  │
│  Uptime    0d 0h 0m 19s                             kl                0.035  │
│  Remaini…     0d 0h 50m                             clipfrac          0.236  │
│                     32s                                                      │
│                                                                              │
│  User Stats                    Value    User Stats                    Value  │
│  perf                          0.000    score                         0.000  │
│  episode_return               -0.800    episode_length              807.000  │
│  depth                         0.000    valid_moves                 146.000  │
│  illegal_actions               6.000    new_tiles                    22.000  │
╰──────────────────────────────────────────────────────────────────────────────╯

[0;0H╭──────────────────────────────────────────────────────────────────────────────╮
│  PufferLib 4.0    🐡              GPU: 3%      VRAM: 3.0/39G      RAM: 1.0G  │
│                                                                              │
│  Summary          Value    Evaluate   951ms  96%    Losses            Value  │
│  Env            nethack      GPU       27ms   2%    policy            0.041  │
│  Params            4.0M      Env      922ms  93%    value             0.070  │
│  Steps           557.1K    Train       37ms   3%    entropy           0.170  │
│  SPS              32.7K      Misc       2ms   0%    total             0.044  │
│  Epoch               17      Forwa…    35ms   3%    old_kl            0.027  │
│  Uptime    0d 0h 0m 20s                             kl                0.028  │
│  Remaini…     0d 0h 50m                             clipfrac          0.233  │
│                     39s                                                      │
│                                                                              │
│  User Stats                    Value    User Stats                    Value  │
│  perf                          0.000    score                         0.000  │
│  episode_return               -0.800    episode_length              807.000  │
│  depth                         0.000    valid_moves                 146.000  │
│  illegal_actions               6.000    new_tiles                    22.000  │
╰──────────────────────────────────────────────────────────────────────────────╯

[0;0H╭──────────────────────────────────────────────────────────────────────────────╮
│  PufferLib 4.0   🐡               GPU: 3%      VRAM: 3.0/39G      RAM: 1.0G  │
│                                                                              │
│  Summary          Value    Evaluate   944ms  96%    Losses            Value  │
│  Env            nethack      GPU       27ms   2%    policy            0.029  │
│  Params            4.0M      Env      914ms  93%    value             0.079  │
│  Steps           589.8K    Train       37ms   3%    entropy           0.144  │
│  SPS              33.0K      Misc       2ms   0%    total             0.034  │
│  Epoch               18      Forwa…    35ms   3%    old_kl            0.017  │
│  Uptime    0d 0h 0m 21s                             kl                0.020  │
│  Remaini…     0d 0h 50m                             clipfrac          0.208  │
│                     14s                                                      │
│                                                                              │
│  User Stats                    Value    User Stats                    Value  │
│  perf                          0.000    score                         0.000  │
│  episode_return               -0.800    episode_length              807.000  │
│  depth                         0.000    valid_moves                 146.000  │
│  illegal_actions               6.000    new_tiles                    22.000  │
╰──────────────────────────────────────────────────────────────────────────────╯

[0;0H╭──────────────────────────────────────────────────────────────────────────────╮
│  PufferLib 4.0  🐡                GPU: 3%      VRAM: 3.0/39G      RAM: 1.0G  │
│                                                                              │
│  Summary          Value    Evaluate   938ms  96%    Losses            Value  │
│  Env            nethack      GPU       27ms   2%    policy            0.025  │
│  Params            4.0M      Env      908ms  93%    value             0.128  │
│  Steps           622.6K    Train       37ms   3%    entropy           0.110  │
│  SPS              33.2K      Misc       2ms   0%    total             0.035  │
│  Epoch               19      Forwa…    35ms   3%    old_kl            0.009  │
│  Uptime    0d 0h 0m 22s                             kl                0.009  │
│  Remaini…     0d 0h 49m                             clipfrac          0.172  │
│                     56s                                                      │
│                                                                              │
│  User Stats                    Value    User Stats                    Value  │
│  perf                          0.000    score                         0.000  │
│  episode_return               -0.800    episode_length              807.000  │
│  depth                         0.000    valid_moves                 146.000  │
│  illegal_actions               6.000    new_tiles                    22.000  │
╰──────────────────────────────────────────────────────────────────────────────╯

[0;0H╭──────────────────────────────────────────────────────────────────────────────╮
│  PufferLib 4.0 🐡                 GPU: 3%      VRAM: 3.0/39G      RAM: 1.0G  │
│                                                                              │
│  Summary          Value    Evaluate   943ms  96%    Losses            Value  │
│  Env            nethack      GPU       27ms   2%    policy            0.024  │
│  Params            4.0M      Env      913ms  93%    value             0.177  │
│  Steps           655.4K    Train       37ms   3%    entropy           0.081  │
│  SPS              33.0K      Misc       2ms   0%    total             0.040  │
│  Epoch               20      Forwa…    35ms   3%    old_kl            0.007  │
│  Uptime    0d 0h 0m 23s                             kl                0.006  │
│  Remaini…  0d 0h 50m 8s                             clipfrac          0.112  │
│                                                                              │
│  User Stats                    Value    User Stats                    Value  │
│  perf                          0.000    score                         0.000  │
│  episode_return               -0.800    episode_length              807.000  │
│  depth                         0.000    valid_moves                 146.000  │
│  illegal_actions               6.000    new_tiles                    22.000  │
╰──────────────────────────────────────────────────────────────────────────────╯

[0;0H╭──────────────────────────────────────────────────────────────────────────────╮
│  PufferLib 4.0          🐡        GPU: 3%      VRAM: 3.0/39G      RAM: 1.0G  │
│                                                                              │
│  Summary          Value    Evaluate   930ms  96%    Losses            Value  │
│  Env            nethack      GPU       27ms   2%    policy            0.021  │
│  Params            4.0M      Env      900ms  93%    value             0.247  │
│  Steps           688.1K    Train       37ms   3%    entropy           0.069  │
│  SPS              33.4K      Misc       2ms   0%    total             0.045  │
│  Epoch               21      Forwa…    35ms   3%    old_kl            0.004  │
│  Uptime    0d 0h 0m 24s                             kl                0.005  │
│  Remaini…     0d 0h 49m                             clipfrac          0.099  │
│                     29s                                                      │
│                                                                              │
│  User Stats                    Value    User Stats                    Value  │
│  perf                          0.000    score                         0.000  │
│  episode_return               -0.800    episode_length              807.000  │
│  depth                         0.000    valid_moves                 146.000  │
│  illegal_actions               6.000    new_tiles                    22.000  │
╰──────────────────────────────────────────────────────────────────────────────╯

[0;0H╭──────────────────────────────────────────────────────────────────────────────╮
│  PufferLib 4.0         🐡         GPU: 3%      VRAM: 3.0/39G      RAM: 1.0G  │
│                                                                              │
│  Summary          Value    Evaluate   934ms  96%    Losses            Value  │
│  Env            nethack      GPU       27ms   2%    policy            0.025  │
│  Params            4.0M      Env      905ms  93%    value             0.105  │
│  Steps           720.9K    Train       37ms   3%    entropy           0.078  │
│  SPS              33.3K      Misc       2ms   0%    total             0.034  │
│  Epoch               22      Forwa…    35ms   3%    old_kl            0.004  │
│  Uptime    0d 0h 0m 25s                             kl                0.005  │
│  Remaini…     0d 0h 49m                             clipfrac          0.103  │
│                     42s                                                      │
│                                                                              │
│  User Stats                    Value    User Stats                    Value  │
│  perf                          0.000    score                         0.000  │
│  episode_return               -0.800    episode_length              807.000  │
│  depth                         0.000    valid_moves                 146.000  │
│  illegal_actions               6.000    new_tiles                    22.000  │
╰──────────────────────────────────────────────────────────────────────────────╯

[0;0H╭──────────────────────────────────────────────────────────────────────────────╮
│  PufferLib 4.0        🐡          GPU: 3%      VRAM: 3.0/39G      RAM: 1.0G  │
│                                                                              │
│  Summary          Value    Evaluate   977ms  96%    Losses            Value  │
│  Env            nethack      GPU       27ms   2%    policy            0.029  │
│  Params            4.0M      Env      947ms  93%    value             0.096  │
│  Steps           753.7K    Train       37ms   3%    entropy           0.093  │
│  SPS              31.9K      Misc       2ms   0%    total             0.037  │
│  Epoch               23      Forwa…    35ms   3%    old_kl            0.015  │
│  Uptime    0d 0h 0m 26s                             kl                0.014  │
│  Remaini…     0d 0h 51m                             clipfrac          0.145  │
│                     51s                                                      │
│                                                                              │
│  User Stats                    Value    User Stats                    Value  │
│  perf                          0.000    score                         0.000  │
│  episode_return                1.550    episode_length             1452.000  │
│  depth                         0.000    valid_moves                 950.500  │
│  illegal_actions               0.000    new_tiles                    15.500  │
╰──────────────────────────────────────────────────────────────────────────────╯

[0;0H╭──────────────────────────────────────────────────────────────────────────────╮
│  PufferLib 4.0       🐡           GPU: 3%      VRAM: 3.0/39G      RAM: 1.0G  │
│                                                                              │
│  Summary          Value    Evaluate   944ms  96%    Losses            Value  │
│  Env            nethack      GPU       27ms   2%    policy            0.033  │
│  Params            4.0M      Env      914ms  93%    value             0.032  │
│  Steps           786.4K    Train       38ms   3%    entropy           0.061  │
│  SPS              33.0K      Misc       2ms   0%    total             0.035  │
│  Epoch               24      Forwa…    35ms   3%    old_kl            0.015  │
│  Uptime    0d 0h 0m 27s                             kl                0.015  │
│  Remaini…  0d 0h 50m 8s                             clipfrac          0.121  │
│                                                                              │
│  User Stats                    Value    User Stats                    Value  │
│  perf                          0.000    score                         0.000  │
│  episode_return               -4.700    episode_length             1510.000  │
│  depth                         0.000    valid_moves                 997.000  │
│  illegal_actions              12.000    new_tiles                    13.000  │
╰──────────────────────────────────────────────────────────────────────────────╯

[0;0H╭──────────────────────────────────────────────────────────────────────────────╮
│  PufferLib 4.0      🐡            GPU: 3%      VRAM: 3.0/39G      RAM: 1.0G  │
│                                                                              │
│  Summary          Value    Evaluate   918ms  96%    Losses            Value  │
│  Env            nethack      GPU       27ms   2%    policy            0.032  │
│  Params            4.0M      Env      889ms  92%    value             0.400  │
│  Steps           819.2K    Train       37ms   3%    entropy           0.094  │
│  SPS              33.8K      Misc       2ms   0%    total             0.070  │
│  Epoch               25      Forwa…    35ms   3%    old_kl            0.002  │
│  Uptime    0d 0h 0m 28s                             kl                0.003  │
│  Remaini…     0d 0h 48m                             clipfrac          0.121  │
│                     50s                                                      │
│                                                                              │
│  User Stats                    Value    User Stats                    Value  │
│  perf                          0.000    score                         0.000  │
│  episode_return               -4.700    episode_length             1510.000  │
│  depth                         0.000    valid_moves                 997.000  │
│  illegal_actions              12.000    new_tiles                    13.000  │
╰──────────────────────────────────────────────────────────────────────────────╯

[0;0H╭──────────────────────────────────────────────────────────────────────────────╮
│  PufferLib 4.0     🐡             GPU: 3%      VRAM: 3.0/39G      RAM: 1.0G  │
│                                                                              │
│  Summary          Value    Evaluate   918ms  96%    Losses            Value  │
│  Env            nethack      GPU       27ms   2%    policy            0.033  │
│  Params            4.0M      Env      889ms  92%    value             0.286  │
│  Steps           852.0K    Train       37ms   3%    entropy           0.113  │
│  SPS              33.8K      Misc       2ms   0%    total             0.060  │
│  Epoch               26      Forwa…    35ms   3%    old_kl            0.006  │
│  Uptime    0d 0h 0m 29s                             kl                0.006  │
│  Remaini…     0d 0h 48m                             clipfrac          0.191  │
│                     49s                                                      │
│                                                                              │
│  User Stats                    Value    User Stats                    Value  │
│  perf                          0.000    score                         0.000  │
│  episode_return               -4.700    episode_length             1510.000  │
│  depth                         0.000    valid_moves                 997.000  │
│  illegal_actions              12.000    new_tiles                    13.000  │
╰──────────────────────────────────────────────────────────────────────────────╯

[0;0H╭──────────────────────────────────────────────────────────────────────────────╮
│  PufferLib 4.0    🐡              GPU: 3%      VRAM: 3.0/39G      RAM: 1.0G  │
│                                                                              │
│  Summary          Value    Evaluate   926ms  96%    Losses            Value  │
│  Env            nethack      GPU       27ms   2%    policy            0.032  │
│  Params            4.0M      Env      896ms  93%    value             0.359  │
│  Steps           884.7K    Train       37ms   3%    entropy           0.103  │
│  SPS              33.6K      Misc       2ms   0%    total             0.066  │
│  Epoch               27      Forwa…    35ms   3%    old_kl            0.003  │
│  Uptime    0d 0h 0m 30s                             kl                0.004  │
│  Remaini…     0d 0h 49m                             clipfrac          0.154  │
│                     10s                                                      │
│                                                                              │
│  User Stats                    Value    User Stats                    Value  │
│  perf                          0.000    score                         0.000  │
│  episode_return                1.700    episode_length             1682.000  │
│  depth                         0.000    valid_moves                 960.000  │
│  illegal_actions               2.000    new_tiles                    27.000  │
╰──────────────────────────────────────────────────────────────────────────────╯

[0;0H╭──────────────────────────────────────────────────────────────────────────────╮
│  PufferLib 4.0   🐡               GPU: 3%      VRAM: 3.0/39G      RAM: 1.0G  │
│                                                                              │
│  Summary          Value    Evaluate   924ms  96%    Losses            Value  │
│  Env            nethack      GPU       27ms   2%    policy            0.028  │
│  Params            4.0M      Env      895ms  93%    value             0.286  │
│  Steps           917.5K    Train       37ms   3%    entropy           0.118  │
│  SPS              33.6K      Misc       2ms   0%    total             0.054  │
│  Epoch               28      Forwa…    35ms   3%    old_kl            0.007  │
│  Uptime    0d 0h 0m 31s                             kl                0.006  │
│  Remaini…  0d 0h 49m 4s                             clipfrac          0.186  │
│                                                                              │
│  User Stats                    Value    User Stats                    Value  │
│  perf                          0.000    score                         0.000  │
│  episode_return                1.200    episode_length             1736.000  │
│  depth                         0.000    valid_moves                 998.000  │
│  illegal_actions               0.000    new_tiles                    12.000  │
╰──────────────────────────────────────────────────────────────────────────────╯

[0;0H╭──────────────────────────────────────────────────────────────────────────────╮
│  PufferLib 4.0  🐡                GPU: 3%      VRAM: 3.0/39G      RAM: 1.0G  │
│                                                                              │
│  Summary          Value    Evaluate   943ms  96%    Losses            Value  │
│  Env            nethack      GPU       27ms   2%    policy            0.031  │
│  Params            4.0M      Env      913ms  93%    value             0.219  │
│  Steps           950.3K    Train       37ms   3%    entropy           0.138  │
│  SPS              33.0K      Misc       2ms   0%    total             0.050  │
│  Epoch               29      Forwa…    35ms   3%    old_kl            0.009  │
│  Uptime    0d 0h 0m 32s                             kl                0.011  │
│  Remaini…     0d 0h 49m                             clipfrac          0.273  │
│                     57s                                                      │
│                                                                              │
│  User Stats                    Value    User Stats                    Value  │
│  perf                          0.000    score                         0.000  │
│  episode_return                1.200    episode_length             1736.000  │
│  depth                         0.000    valid_moves                 998.000  │
│  illegal_actions               0.000    new_tiles                    12.000  │
╰──────────────────────────────────────────────────────────────────────────────╯

[0;0H╭──────────────────────────────────────────────────────────────────────────────╮
│  PufferLib 4.0 🐡                 GPU: 3%      VRAM: 3.0/39G      RAM: 1.0G  │
│                                                                              │
│  Summary          Value    Evaluate   953ms  96%    Losses            Value  │
│  Env            nethack      GPU       27ms   2%    policy            0.035  │
│  Params            4.0M      Env      923ms  93%    value             0.130  │
│  Steps           983.0K    Train       37ms   3%    entropy           0.163  │
│  SPS              32.7K      Misc       2ms   0%    total             0.045  │
│  Epoch               30      Forwa…    35ms   3%    old_kl            0.022  │
│  Uptime    0d 0h 0m 33s                             kl                0.022  │
│  Remaini…     0d 0h 50m                             clipfrac          0.315  │
│                     29s                                                      │
│                                                                              │
│  User Stats                    Value    User Stats                    Value  │
│  perf                          0.000    score                         0.000  │
│  episode_return                2.500    episode_length             1871.000  │
│  depth                         0.000    valid_moves                1032.000  │
│  illegal_actions               1.000    new_tiles                    30.000  │
╰──────────────────────────────────────────────────────────────────────────────╯

[0;0H╭──────────────────────────────────────────────────────────────────────────────╮
│  PufferLib 4.0          🐡        GPU: 3%      VRAM: 3.0/39G      RAM: 1.0G  │
│                                                                              │
│  Summary          Value    Evaluate   950ms  96%    Losses            Value  │
│  Env            nethack      GPU       27ms   2%    policy            0.020  │
│  Params            4.0M      Env      921ms  93%    value             0.174  │
│  Steps             1.0M    Train       37ms   3%    entropy           0.146  │
│  SPS              32.8K      Misc       2ms   0%    total             0.034  │
│  Epoch               31      Forwa…    35ms   3%    old_kl            0.008  │
│  Uptime    0d 0h 0m 34s                             kl                0.009  │
│  Remaini…     0d 0h 50m                             clipfrac          0.228  │
│                     22s                                                      │
│                                                                              │
│  User Stats                    Value    User Stats                    Value  │
│  perf                          0.000    score                         0.000  │
│  episode_return                1.050    episode_length             1963.500  │
│  depth                         0.000    valid_moves                1008.500  │
│  illegal_actions               1.500    new_tiles                    18.000  │
╰──────────────────────────────────────────────────────────────────────────────╯

[0;0H╭──────────────────────────────────────────────────────────────────────────────╮
│  PufferLib 4.0         🐡         GPU: 3%      VRAM: 3.0/39G      RAM: 1.0G  │
│                                                                              │
│  Summary          Value    Evaluate   916ms  96%    Losses            Value  │
│  Env            nethack      GPU       27ms   2%    policy            0.034  │
│  Params            4.0M      Env      886ms  92%    value             0.119  │
│  Steps             1.0M    Train       37ms   3%    entropy           0.164  │
│  SPS              33.9K      Misc       2ms   0%    total             0.042  │
│  Epoch               32      Forwa…    35ms   3%    old_kl            0.018  │
│  Uptime    0d 0h 0m 35s                             kl                0.018  │
│  Remaini…     0d 0h 48m                             clipfrac          0.314  │
│                     35s                                                      │
│                                                                              │
│  User Stats                    Value    User Stats                    Value  │
│  perf                          0.000    score                         0.000  │
│  episode_return                1.050    episode_length             1963.500  │
│  depth                         0.000    valid_moves                1008.500  │
│  illegal_actions               1.500    new_tiles                    18.000  │
╰──────────────────────────────────────────────────────────────────────────────╯

[0;0H╭──────────────────────────────────────────────────────────────────────────────╮
│  PufferLib 4.0        🐡          GPU: 3%      VRAM: 3.0/39G      RAM: 1.0G  │
│                                                                              │
│  Summary          Value    Evaluate   904ms  96%    Losses            Value  │
│  Env            nethack      GPU       27ms   2%    policy            0.024  │
│  Params            4.0M      Env      875ms  92%    value             0.131  │
│  Steps             1.1M    Train       37ms   3%    entropy           0.135  │
│  SPS              34.4K      Misc       2ms   0%    total             0.034  │
│  Epoch               33      Forwa…    35ms   3%    old_kl            0.005  │
│  Uptime    0d 0h 0m 36s                             kl                0.005  │
│  Remaini…     0d 0h 47m                             clipfrac          0.178  │
│                     59s                                                      │
│                                                                              │
│  User Stats                    Value    User Stats                    Value  │
│  perf                          0.000    score                         0.000  │
│  episode_return                1.050    episode_length             1963.500  │
│  depth                         0.000    valid_moves                1008.500  │
│  illegal_actions               1.500    new_tiles                    18.000  │
╰──────────────────────────────────────────────────────────────────────────────╯

[0;0H╭──────────────────────────────────────────────────────────────────────────────╮
│  PufferLib 4.0       🐡           GPU: 3%      VRAM: 3.0/39G      RAM: 1.0G  │
│                                                                              │
│  Summary          Value    Evaluate   905ms  96%    Losses            Value  │
│  Env            nethack      GPU       27ms   2%    policy            0.022  │
│  Params            4.0M      Env      876ms  92%    value             0.094  │
│  Steps             1.1M    Train       38ms   3%    entropy           0.137  │
│  SPS              34.3K      Misc       2ms   0%    total             0.029  │
│  Epoch               34      Forwa…    35ms   3%    old_kl            0.005  │
│  Uptime    0d 0h 0m 37s                             kl                0.006  │
│  Remaini…  0d 0h 48m 1s                             clipfrac          0.181  │
│                                                                              │
│  User Stats                    Value    User Stats                    Value  │
│  perf                          0.000    score                         0.000  │
│  episode_return                1.050    episode_length             1963.500  │
│  depth                         0.000    valid_moves                1008.500  │
│  illegal_actions               1.500    new_tiles                    18.000  │
╰──────────────────────────────────────────────────────────────────────────────╯

[0;0H╭──────────────────────────────────────────────────────────────────────────────╮
│  PufferLib 4.0      🐡            GPU: 3%      VRAM: 3.0/39G      RAM: 1.0G  │
│                                                                              │
│  Summary          Value    Evaluate   908ms  96%    Losses            Value  │
│  Env            nethack      GPU       27ms   2%    policy            0.032  │
│  Params            4.0M      Env      878ms  92%    value             0.036  │
│  Steps             1.1M    Train       37ms   3%    entropy           0.187  │
│  SPS              34.2K      Misc       2ms   0%    total             0.032  │
│  Epoch               35      Forwa…    35ms   3%    old_kl            0.014  │
│  Uptime    0d 0h 0m 38s                             kl                0.015  │
│  Remaini…  0d 0h 48m 8s                             clipfrac          0.217  │
│                                                                              │
│  User Stats                    Value    User Stats                    Value  │
│  perf                          0.000    score                         0.000  │
│  episode_return                1.050    episode_length             1963.500  │
│  depth                         0.000    valid_moves                1008.500  │
│  illegal_actions               1.500    new_tiles                    18.000  │
╰──────────────────────────────────────────────────────────────────────────────╯

[0;0H╭──────────────────────────────────────────────────────────────────────────────╮
│  PufferLib 4.0     🐡             GPU: 3%      VRAM: 3.0/39G      RAM: 1.0G  │
│                                                                              │
│  Summary          Value    Evaluate   910ms  96%    Losses            Value  │
│  Env            nethack      GPU       27ms   2%    policy            0.020  │
│  Params            4.0M      Env      880ms  92%    value             0.176  │
│  Steps             1.2M    Train       37ms   3%    entropy           0.174  │
│  SPS              34.2K      Misc       2ms   0%    total             0.034  │
│  Epoch               36      Forwa…    35ms   3%    old_kl            0.007  │
│  Uptime    0d 0h 0m 39s                             kl                0.007  │
│  Remaini…     0d 0h 48m                             clipfrac          0.168  │
│                     12s                                                      │
│                                                                              │
│  User Stats                    Value    User Stats                    Value  │
│  perf                          0.000    score                         0.000  │
│  episode_return                1.050    episode_length             1963.500  │
│  depth                         0.000    valid_moves                1008.500  │
│  illegal_actions               1.500    new_tiles                    18.000  │
╰──────────────────────────────────────────────────────────────────────────────╯

[0;0H╭──────────────────────────────────────────────────────────────────────────────╮
│  PufferLib 4.0    🐡              GPU: 3%      VRAM: 3.0/39G      RAM: 1.0G  │
│                                                                              │
│  Summary          Value    Evaluate   915ms  96%    Losses            Value  │
│  Env            nethack      GPU       27ms   2%    policy            0.023  │
│  Params            4.0M      Env      885ms  92%    value             0.173  │
│  Steps             1.2M    Train       37ms   3%    entropy           0.199  │
│  SPS              34.0K      Misc       2ms   0%    total             0.036  │
│  Epoch               37      Forwa…    35ms   3%    old_kl            0.004  │
│  Uptime    0d 0h 0m 40s                             kl                0.004  │
│  Remaini…     0d 0h 48m                             clipfrac          0.184  │
│                     25s                                                      │
│                                                                              │
│  User Stats                    Value    User Stats                    Value  │
│  perf                          0.000    score                         0.000  │
│  episode_return                1.050    episode_length             1963.500  │
│  depth                         0.000    valid_moves                1008.500  │
│  illegal_actions               1.500    new_tiles                    18.000  │
╰──────────────────────────────────────────────────────────────────────────────╯

[0;0H╭──────────────────────────────────────────────────────────────────────────────╮
│  PufferLib 4.0   🐡               GPU: 3%      VRAM: 3.0/39G      RAM: 1.0G  │
│                                                                              │
│  Summary          Value    Evaluate   917ms  96%    Losses            Value  │
│  Env            nethack      GPU       27ms   2%    policy            0.018  │
│  Params            4.0M      Env      887ms  92%    value             0.160  │
│  Steps             1.2M    Train       37ms   3%    entropy           0.169  │
│  SPS              33.9K      Misc       2ms   0%    total             0.031  │
│  Epoch               38      Forwa…    35ms   3%    old_kl            0.003  │
│  Uptime    0d 0h 0m 41s                             kl                0.004  │
│  Remaini…     0d 0h 48m                             clipfrac          0.150  │
│                     32s                                                      │
│                                                                              │
│  User Stats                    Value    User Stats                    Value  │
│  perf                          0.000    score                         0.000  │
│  episode_return                1.050    episode_length             1963.500  │
│  depth                         0.000    valid_moves                1008.500  │
│  illegal_actions               1.500    new_tiles                    18.000  │
╰──────────────────────────────────────────────────────────────────────────────╯

[0;0H╭──────────────────────────────────────────────────────────────────────────────╮
│  PufferLib 4.0  🐡                GPU: 3%      VRAM: 3.0/39G      RAM: 1.0G  │
│                                                                              │
│  Summary          Value    Evaluate   923ms  96%    Losses            Value  │
│  Env            nethack      GPU       27ms   2%    policy            0.023  │
│  Params            4.0M      Env      894ms  93%    value             0.136  │
│  Steps             1.3M    Train       37ms   3%    entropy           0.159  │
│  SPS              33.7K      Misc       2ms   0%    total             0.034  │
│  Epoch               39      Forwa…    35ms   3%    old_kl            0.006  │
│  Uptime    0d 0h 0m 42s                             kl                0.005  │
│  Remaini…     0d 0h 48m                             clipfrac          0.172  │
│                     52s                                                      │
│                                                                              │
│  User Stats                    Value    User Stats                    Value  │
│  perf                          0.000    score                         0.000  │
│  episode_return                1.050    episode_length             1963.500  │
│  depth                         0.000    valid_moves                1008.500  │
│  illegal_actions               1.500    new_tiles                    18.000  │
╰──────────────────────────────────────────────────────────────────────────────╯

[0;0H╭──────────────────────────────────────────────────────────────────────────────╮
│  PufferLib 4.0 🐡                 GPU: 3%      VRAM: 3.0/39G      RAM: 1.0G  │
│                                                                              │
│  Summary          Value    Evaluate   933ms  96%    Losses            Value  │
│  Env            nethack      GPU       27ms   2%    policy            0.028  │
│  Params            4.0M      Env      904ms  93%    value             0.136  │
│  Steps             1.3M    Train       37ms   3%    entropy           0.241  │
│  SPS              33.3K      Misc       2ms   0%    total             0.036  │
│  Epoch               40      Forwa…    35ms   3%    old_kl            0.012  │
│  Uptime    0d 0h 0m 43s                             kl                0.012  │
│  Remaini…     0d 0h 49m                             clipfrac          0.264  │
│                     19s                                                      │
│                                                                              │
│  User Stats                    Value    User Stats                    Value  │
│  perf                          0.000    score                         0.000  │
│  episode_return                1.050    episode_length             1963.500  │
│  depth                         0.000    valid_moves                1008.500  │
│  illegal_actions               1.500    new_tiles                    18.000  │
╰──────────────────────────────────────────────────────────────────────────────╯

[0;0H╭──────────────────────────────────────────────────────────────────────────────╮
│  PufferLib 4.0          🐡        GPU: 3%      VRAM: 3.0/39G      RAM: 1.0G  │
│                                                                              │
│  Summary          Value    Evaluate   942ms  96%    Losses            Value  │
│  Env            nethack      GPU       27ms   2%    policy            0.028  │
│  Params            4.0M      Env      912ms  93%    value             0.115  │
│  Steps             1.3M    Train       37ms   3%    entropy           0.239  │
│  SPS              33.1K      Misc       2ms   0%    total             0.034  │
│  Epoch               41      Forwa…    35ms   3%    old_kl            0.010  │
│  Uptime    0d 0h 0m 44s                             kl                0.010  │
│  Remaini…     0d 0h 49m                             clipfrac          0.227  │
│                     44s                                                      │
│                                                                              │
│  User Stats                    Value    User Stats                    Value  │
│  perf                          0.000    score                         0.000  │
│  episode_return                1.050    episode_length             1963.500  │
│  depth                         0.000    valid_moves                1008.500  │
│  illegal_actions               1.500    new_tiles                    18.000  │
╰──────────────────────────────────────────────────────────────────────────────╯

[0;0H╭──────────────────────────────────────────────────────────────────────────────╮
│  PufferLib 4.0         🐡         GPU: 3%      VRAM: 3.0/39G      RAM: 1.0G  │
│                                                                              │
│  Summary          Value    Evaluate   947ms  96%    Losses            Value  │
│  Env            nethack      GPU       27ms   2%    policy            0.028  │
│  Params            4.0M      Env      917ms  93%    value             0.144  │
│  Steps             1.4M    Train       37ms   3%    entropy           0.300  │
│  SPS              32.9K      Misc       2ms   0%    total             0.036  │
│  Epoch               42      Forwa…    35ms   3%    old_kl            0.009  │
│  Uptime    0d 0h 0m 45s                             kl                0.008  │
│  Remaini…  0d 0h 50m 0s                             clipfrac          0.323  │
│                                                                              │
│  User Stats                    Value    User Stats                    Value  │
│  perf                          0.000    score                         0.000  │
│  episode_return                1.050    episode_length             1963.500  │
│  depth                         0.000    valid_moves                1008.500  │
│  illegal_actions               1.500    new_tiles                    18.000  │
╰──────────────────────────────────────────────────────────────────────────────╯

[0;0H╭──────────────────────────────────────────────────────────────────────────────╮
│  PufferLib 4.0        🐡          GPU: 3%      VRAM: 3.0/39G      RAM: 1.0G  │
│                                                                              │
│  Summary          Value    Evaluate   966ms  96%    Losses            Value  │
│  Env            nethack      GPU       27ms   2%    policy            0.036  │
│  Params            4.0M      Env      936ms  93%    value             0.113  │
│  Steps             1.4M    Train       38ms   3%    entropy           0.358  │
│  SPS              32.3K      Misc       2ms   0%    total             0.040  │
│  Epoch               43      Forwa…    35ms   3%    old_kl            0.015  │
│  Uptime    0d 0h 0m 46s                             kl                0.014  │
│  Remaini…     0d 0h 50m                             clipfrac          0.366  │
│                     56s                                                      │
│                                                                              │
│  User Stats                    Value    User Stats                    Value  │
│  perf                          0.000    score                         0.000  │
│  episode_return                1.400    episode_length             2710.000  │
│  depth                         0.000    valid_moves                  55.000  │
│  illegal_actions               0.000    new_tiles                    14.000  │
╰──────────────────────────────────────────────────────────────────────────────╯

[0;0H╭──────────────────────────────────────────────────────────────────────────────╮
│  PufferLib 4.0       🐡           GPU: 3%      VRAM: 3.0/39G      RAM: 1.0G  │
│                                                                              │
│  Summary          Value    Evaluate   951ms  96%    Losses            Value  │
│  Env            nethack      GPU       27ms   2%    policy            0.031  │
│  Params            4.0M      Env      921ms  93%    value             0.089  │
│  Steps             1.4M    Train       37ms   3%    entropy           0.221  │
│  SPS              32.7K      Misc       2ms   0%    total             0.035  │
│  Epoch               44      Forwa…    35ms   3%    old_kl            0.024  │
│  Uptime    0d 0h 0m 47s                             kl                0.026  │
│  Remaini…     0d 0h 50m                             clipfrac          0.327  │
│                     11s                                                      │
│                                                                              │
│  User Stats                    Value    User Stats                    Value  │
│  perf                          0.000    score                         0.000  │
│  episode_return                1.400    episode_length             2710.000  │
│  depth                         0.000    valid_moves                  55.000  │
│  illegal_actions               0.000    new_tiles                    14.000  │
╰──────────────────────────────────────────────────────────────────────────────╯

[0;0H╭──────────────────────────────────────────────────────────────────────────────╮
│  PufferLib 4.0      🐡            GPU: 3%      VRAM: 3.0/39G      RAM: 1.0G  │
│                                                                              │
│  Summary          Value    Evaluate   956ms  96%    Losses            Value  │
│  Env            nethack      GPU       27ms   2%    policy            0.043  │
│  Params            4.0M      Env      926ms  93%    value             0.049  │
│  Steps             1.5M    Train       37ms   3%    entropy           0.348  │
│  SPS              32.6K      Misc       2ms   0%    total             0.041  │
│  Epoch               45      Forwa…    35ms   3%    old_kl            0.053  │
│  Uptime    0d 0h 0m 48s                             kl                0.057  │
│  Remaini…     0d 0h 50m                             clipfrac          0.451  │
│                     25s                                                      │
│                                                                              │
│  User Stats                    Value    User Stats                    Value  │
│  perf                          0.000    score                         0.000  │
│  episode_return                0.600    episode_length              973.000  │
│  depth                         0.000    valid_moves                  12.000  │
│  illegal_actions               0.000    new_tiles                     6.000  │
╰──────────────────────────────────────────────────────────────────────────────╯

[0;0H╭──────────────────────────────────────────────────────────────────────────────╮
│  PufferLib 4.0     🐡             GPU: 3%      VRAM: 3.0/39G      RAM: 1.0G  │
│                                                                              │
│  Summary          Value    Evaluate   950ms  96%    Losses            Value  │
│  Env            nethack      GPU       27ms   2%    policy            0.034  │
│  Params            4.0M      Env      920ms  93%    value             0.240  │
│  Steps             1.5M    Train       37ms   3%    entropy           0.205  │
│  SPS              32.8K      Misc       2ms   0%    total             0.054  │
│  Epoch               46      Forwa…    35ms   3%    old_kl            0.019  │
│  Uptime    0d 0h 0m 49s                             kl                0.017  │
│  Remaini…  0d 0h 50m 5s                             clipfrac          0.283  │
│                                                                              │
│  User Stats                    Value    User Stats                    Value  │
│  perf                          0.000    score                         0.000  │
│  episode_return                0.600    episode_length              973.000  │
│  depth                         0.000    valid_moves                  12.000  │
│  illegal_actions               0.000    new_tiles                     6.000  │
╰──────────────────────────────────────────────────────────────────────────────╯

[0;0H╭──────────────────────────────────────────────────────────────────────────────╮
│  PufferLib 4.0    🐡              GPU: 3%      VRAM: 3.0/39G      RAM: 1.0G  │
│                                                                              │
│  Summary          Value    Evaluate   941ms  96%    Losses            Value  │
│  Env            nethack      GPU       27ms   2%    policy            0.026  │
│  Params            4.0M      Env      911ms  93%    value             0.278  │
│  Steps             1.5M    Train       37ms   3%    entropy           0.182  │
│  SPS              33.1K      Misc       2ms   0%    total             0.050  │
│  Epoch               47      Forwa…    35ms   3%    old_kl            0.008  │
│  Uptime    0d 0h 0m 50s                             kl                0.009  │
│  Remaini…     0d 0h 49m                             clipfrac          0.197  │
│                     37s                                                      │
│                                                                              │
│  User Stats                    Value    User Stats                    Value  │
│  perf                          0.000    score                         0.000  │
│  episode_return                0.600    episode_length              973.000  │
│  depth                         0.000    valid_moves                  12.000  │
│  illegal_actions               0.000    new_tiles                     6.000  │
╰──────────────────────────────────────────────────────────────────────────────╯

[0;0H╭──────────────────────────────────────────────────────────────────────────────╮
│  PufferLib 4.0   🐡               GPU: 3%      VRAM: 3.0/39G      RAM: 1.0G  │
│                                                                              │
│  Summary          Value    Evaluate   945ms  96%    Losses            Value  │
│  Env            nethack      GPU       27ms   2%    policy            0.023  │
│  Params            4.0M      Env      915ms  93%    value             0.287  │
│  Steps             1.6M    Train       38ms   3%    entropy           0.155  │
│  SPS              32.9K      Misc       2ms   0%    total             0.049  │
│  Epoch               48      Forwa…    35ms   3%    old_kl            0.006  │
│  Uptime    0d 0h 0m 51s                             kl                0.006  │
│  Remaini…     0d 0h 49m                             clipfrac          0.147  │
│                     49s                                                      │
│                                                                              │
│  User Stats                    Value    User Stats                    Value  │
│  perf                          0.000    score                         0.000  │
│  episode_return                0.600    episode_length              973.000  │
│  depth                         0.000    valid_moves                  12.000  │
│  illegal_actions               0.000    new_tiles                     6.000  │
╰──────────────────────────────────────────────────────────────────────────────╯

[0;0H╭──────────────────────────────────────────────────────────────────────────────╮
│  PufferLib 4.0  🐡                GPU: 3%      VRAM: 3.0/39G      RAM: 1.0G  │
│                                                                              │
│  Summary          Value    Evaluate   937ms  96%    Losses            Value  │
│  Env            nethack      GPU       27ms   2%    policy            0.020  │
│  Params            4.0M      Env      907ms  93%    value             0.283  │
│  Steps             1.6M    Train       37ms   3%    entropy           0.142  │
│  SPS              33.2K      Misc       2ms   0%    total             0.045  │
│  Epoch               49      Forwa…    35ms   3%    old_kl            0.008  │
│  Uptime    0d 0h 0m 52s                             kl                0.009  │
│  Remaini…     0d 0h 49m                             clipfrac          0.178  │
│                     23s                                                      │
│                                                                              │
│  User Stats                    Value    User Stats                    Value  │
│  perf                          0.000    score                         0.000  │
│  episode_return                0.600    episode_length              973.000  │
│  depth                         0.000    valid_moves                  12.000  │
│  illegal_actions               0.000    new_tiles                     6.000  │
╰──────────────────────────────────────────────────────────────────────────────╯

[0;0H╭──────────────────────────────────────────────────────────────────────────────╮
│  PufferLib 4.0 🐡                 GPU: 3%      VRAM: 3.0/39G      RAM: 1.0G  │
│                                                                              │
│  Summary          Value    Evaluate   926ms  96%    Losses            Value  │
│  Env            nethack      GPU       27ms   2%    policy            0.026  │
│  Params            4.0M      Env      897ms  93%    value             0.267  │
│  Steps             1.6M    Train       37ms   3%    entropy           0.127  │
│  SPS              33.6K      Misc       2ms   0%    total             0.050  │
│  Epoch               50      Forwa…    35ms   3%    old_kl            0.005  │
│  Uptime    0d 0h 0m 53s                             kl                0.007  │
│  Remaini…     0d 0h 48m                             clipfrac          0.135  │
│                     50s                                                      │
│                                                                              │
│  User Stats                    Value    User Stats                    Value  │
│  perf                          0.000    score                         0.000  │
│  episode_return                0.600    episode_length              973.000  │
│  depth                         0.000    valid_moves                  12.000  │
│  illegal_actions               0.000    new_tiles                     6.000  │
╰──────────────────────────────────────────────────────────────────────────────╯

[0;0H╭──────────────────────────────────────────────────────────────────────────────╮
│  PufferLib 4.0          🐡        GPU: 3%      VRAM: 3.0/39G      RAM: 1.0G  │
│                                                                              │
│  Summary          Value    Evaluate   922ms  96%    Losses            Value  │
│  Env            nethack      GPU       27ms   2%    policy            0.023  │
│  Params            4.0M      Env      893ms  93%    value             0.209  │
│  Steps             1.7M    Train       37ms   3%    entropy           0.118  │
│  SPS              33.7K      Misc       2ms   0%    total             0.042  │
│  Epoch               51      Forwa…    35ms   3%    old_kl            0.006  │
│  Uptime    0d 0h 0m 54s                             kl                0.006  │
│  Remaini…     0d 0h 48m                             clipfrac          0.149  │
│                     37s                                                      │
│                                                                              │
│  User Stats                    Value    User Stats                    Value  │
│  perf                          0.000    score                         0.000  │
│  episode_return                0.600    episode_length              973.000  │
│  depth                         0.000    valid_moves                  12.000  │
│  illegal_actions               0.000    new_tiles                     6.000  │
╰──────────────────────────────────────────────────────────────────────────────╯

[0;0H╭──────────────────────────────────────────────────────────────────────────────╮
│  PufferLib 4.0         🐡         GPU: 3%      VRAM: 3.0/39G      RAM: 1.0G  │
│                                                                              │
│  Summary          Value    Evaluate   926ms  96%    Losses            Value  │
│  Env            nethack      GPU       27ms   2%    policy            0.023  │
│  Params            4.0M      Env      896ms  93%    value             0.215  │
│  Steps             1.7M    Train       37ms   3%    entropy           0.129  │
│  SPS              33.6K      Misc       2ms   0%    total             0.042  │
│  Epoch               52      Forwa…    35ms   3%    old_kl            0.004  │
│  Uptime    0d 0h 0m 55s                             kl                0.004  │
│  Remaini…     0d 0h 48m                             clipfrac          0.147  │
│                     46s                                                      │
│                                                                              │
│  User Stats                    Value    User Stats                    Value  │
│  perf                          0.000    score                         0.000  │
│  episode_return                0.600    episode_length              973.000  │
│  depth                         0.000    valid_moves                  12.000  │
│  illegal_actions               0.000    new_tiles                     6.000  │
╰──────────────────────────────────────────────────────────────────────────────╯

[0;0H╭──────────────────────────────────────────────────────────────────────────────╮
│  PufferLib 4.0        🐡          GPU: 3%      VRAM: 3.0/39G      RAM: 1.0G  │
│                                                                              │
│  Summary          Value    Evaluate   921ms  96%    Losses            Value  │
│  Env            nethack      GPU       27ms   2%    policy            0.020  │
│  Params            4.0M      Env      892ms  93%    value             0.239  │
│  Steps             1.7M    Train       37ms   3%    entropy           0.087  │
│  SPS              33.8K      Misc       2ms   0%    total             0.042  │
│  Epoch               53      Forwa…    35ms   3%    old_kl            0.003  │
│  Uptime    0d 0h 0m 56s                             kl                0.003  │
│  Remaini…     0d 0h 48m                             clipfrac          0.110  │
│                     31s                                                      │
│                                                                              │
│  User Stats                    Value    User Stats                    Value  │
│  perf                          0.000    score                         0.000  │
│  episode_return                0.600    episode_length              973.000  │
│  depth                         0.000    valid_moves                  12.000  │
│  illegal_actions               0.000    new_tiles                     6.000  │
╰──────────────────────────────────────────────────────────────────────────────╯

[0;0H╭──────────────────────────────────────────────────────────────────────────────╮
│  PufferLib 4.0       🐡           GPU: 3%      VRAM: 3.0/39G      RAM: 1.0G  │
│                                                                              │
│  Summary          Value    Evaluate   919ms  96%    Losses            Value  │
│  Env            nethack      GPU       27ms   2%    policy            0.020  │
│  Params            4.0M      Env      890ms  92%    value             0.210  │
│  Steps             1.8M    Train       37ms   3%    entropy           0.082  │
│  SPS              33.8K      Misc       2ms   0%    total             0.040  │
│  Epoch               54      Forwa…    35ms   3%    old_kl            0.003  │
│  Uptime    0d 0h 0m 57s                             kl                0.002  │
│  Remaini…     0d 0h 48m                             clipfrac          0.092  │
│                     25s                                                      │
│                                                                              │
│  User Stats                    Value    User Stats                    Value  │
│  perf                          0.000    score                         0.000  │
│  episode_return                0.600    episode_length              973.000  │
│  depth                         0.000    valid_moves                  12.000  │
│  illegal_actions               0.000    new_tiles                     6.000  │
╰──────────────────────────────────────────────────────────────────────────────╯

[0;0H╭──────────────────────────────────────────────────────────────────────────────╮
│  PufferLib 4.0      🐡            GPU: 3%      VRAM: 3.0/39G      RAM: 1.0G  │
│                                                                              │
│  Summary          Value    Evaluate   915ms  96%    Losses            Value  │
│  Env            nethack      GPU       27ms   2%    policy            0.021  │
│  Params            4.0M      Env      886ms  92%    value             0.287  │
│  Steps             1.8M    Train       37ms   3%    entropy           0.078  │
│  SPS              34.0K      Misc       2ms   0%    total             0.048  │
│  Epoch               55      Forwa…    35ms   3%    old_kl            0.002  │
│  Uptime    0d 0h 0m 58s                             kl                0.002  │
│  Remaini…     0d 0h 48m                             clipfrac          0.092  │
│                     11s                                                      │
│                                                                              │
│  User Stats                    Value    User Stats                    Value  │
│  perf                          0.000    score                         0.000  │
│  episode_return                0.600    episode_length              973.000  │
│  depth                         0.000    valid_moves                  12.000  │
│  illegal_actions               0.000    new_tiles                     6.000  │
╰──────────────────────────────────────────────────────────────────────────────╯

[0;0H╭──────────────────────────────────────────────────────────────────────────────╮
│  PufferLib 4.0     🐡             GPU: 3%      VRAM: 3.0/39G      RAM: 1.0G  │
│                                                                              │
│  Summary          Value    Evaluate   919ms  96%    Losses            Value  │
│  Env            nethack      GPU       27ms   2%    policy            0.019  │
│  Params            4.0M      Env      889ms  92%    value             0.273  │
│  Steps             1.8M    Train       37ms   3%    entropy           0.077  │
│  SPS              33.8K      Misc       2ms   0%    total             0.045  │
│  Epoch               56      Forwa…    35ms   3%    old_kl            0.004  │
│  Uptime    0d 0h 0m 59s                             kl                0.003  │
│  Remaini…     0d 0h 48m                             clipfrac          0.081  │
│                     21s                                                      │
│                                                                              │
│  User Stats                    Value    User Stats                    Value  │
│  perf                          0.000    score                         0.000  │
│  episode_return                0.600    episode_length              973.000  │
│  depth                         0.000    valid_moves                  12.000  │
│  illegal_actions               0.000    new_tiles                     6.000  │
╰──────────────────────────────────────────────────────────────────────────────╯

[0;0H╭──────────────────────────────────────────────────────────────────────────────╮
│  PufferLib 4.0    🐡              GPU: 3%      VRAM: 3.0/39G      RAM: 1.0G  │
│                                                                              │
│  Summary          Value    Evaluate   922ms  96%    Losses            Value  │
│  Env            nethack      GPU       27ms   2%    policy            0.016  │
│  Params            4.0M      Env      893ms  93%    value             0.272  │
│  Steps             1.9M    Train       37ms   3%    entropy           0.067  │
│  SPS              33.7K      Misc       2ms   0%    total             0.042  │
│  Epoch               57      Forwa…    35ms   3%    old_kl            0.004  │
│  Uptime    0d 0h 0m 59s                             kl                0.003  │
│  Remaini…     0d 0h 48m                             clipfrac          0.071  │
│                     32s                                                      │
│                                                                              │
│  User Stats                    Value    User Stats                    Value  │
│  perf                          0.000    score                         0.000  │
│  episode_return                0.600    episode_length              973.000  │
│  depth                         0.000    valid_moves                  12.000  │
│  illegal_actions               0.000    new_tiles                     6.000  │
╰──────────────────────────────────────────────────────────────────────────────╯

[0;0H╭──────────────────────────────────────────────────────────────────────────────╮
│  PufferLib 4.0   🐡               GPU: 3%      VRAM: 3.0/39G      RAM: 1.0G  │
│                                                                              │
│  Summary          Value    Evaluate   935ms  96%    Losses            Value  │
│  Env            nethack      GPU       27ms   2%    policy            0.019  │
│  Params            4.0M      Env      905ms  93%    value             0.239  │
│  Steps             1.9M    Train       37ms   3%    entropy           0.058  │
│  SPS              33.3K      Misc       2ms   0%    total             0.041  │
│  Epoch               58      Forwa…    35ms   3%    old_kl            0.002  │
│  Uptime     0d 0h 1m 0s                             kl                0.002  │
│  Remaini…  0d 0h 49m 4s                             clipfrac          0.067  │
│                                                                              │
│  User Stats                    Value    User Stats                    Value  │
│  perf                          0.000    score                         0.000  │
│  episode_return                0.600    episode_length              973.000  │
│  depth                         0.000    valid_moves                  12.000  │
│  illegal_actions               0.000    new_tiles                     6.000  │
╰──────────────────────────────────────────────────────────────────────────────╯

[0;0H╭──────────────────────────────────────────────────────────────────────────────╮
│  PufferLib 4.0  🐡                GPU: 3%      VRAM: 3.0/39G      RAM: 1.0G  │
│                                                                              │
│  Summary          Value    Evaluate   954ms  96%    Losses            Value  │
│  Env            nethack      GPU       27ms   2%    policy            0.017  │
│  Params            4.0M      Env      924ms  93%    value             0.239  │
│  Steps             1.9M    Train       37ms   3%    entropy           0.062  │
│  SPS              32.6K      Misc       2ms   0%    total             0.040  │
│  Epoch               59      Forwa…    35ms   3%    old_kl            0.002  │
│  Uptime     0d 0h 1m 1s                             kl                0.002  │
│  Remaini…  0d 0h 50m 5s                             clipfrac          0.067  │
│                                                                              │
│  User Stats                    Value    User Stats                    Value  │
│  perf                          0.000    score                         0.000  │
│  episode_return                0.600    episode_length              973.000  │
│  depth                         0.000    valid_moves                  12.000  │
│  illegal_actions               0.000    new_tiles                     6.000  │
╰──────────────────────────────────────────────────────────────────────────────╯

[0;0H╭──────────────────────────────────────────────────────────────────────────────╮
│  PufferLib 4.0 🐡                 GPU: 3%      VRAM: 3.0/39G      RAM: 1.0G  │
│                                                                              │
│  Summary          Value    Evaluate   924ms  96%    Losses            Value  │
│  Env            nethack      GPU       27ms   2%    policy            0.018  │
│  Params            4.0M      Env      895ms  93%    value             0.235  │
│  Steps             2.0M    Train       38ms   3%    entropy           0.061  │
│  SPS              33.6K      Misc       2ms   0%    total             0.041  │
│  Epoch               60      Forwa…    35ms   3%    old_kl            0.004  │
│  Uptime     0d 0h 1m 2s                             kl                0.004  │
│  Remaini…     0d 0h 48m                             clipfrac          0.067  │
│                     34s                                                      │
│                                                                              │
│  User Stats                    Value    User Stats                    Value  │
│  perf                          0.000    score                         0.000  │
│  episode_return               -4.800    episode_length             3782.000  │
│  depth                         0.000    valid_moves                1027.000  │
│  illegal_actions              15.000    new_tiles                    27.000  │
╰──────────────────────────────────────────────────────────────────────────────╯

[0;0H╭──────────────────────────────────────────────────────────────────────────────╮
│  PufferLib 4.0          🐡        GPU: 3%      VRAM: 3.0/39G      RAM: 1.0G  │
│                                                                              │
│  Summary          Value    Evaluate   932ms  96%    Losses            Value  │
│  Env            nethack      GPU       27ms   2%    policy            0.015  │
│  Params            4.0M      Env      902ms  93%    value             0.270  │
│  Steps             2.0M    Train       37ms   3%    entropy           0.049  │
│  SPS              33.4K      Misc       2ms   0%    total             0.041  │
│  Epoch               61      Forwa…    35ms   3%    old_kl            0.001  │
│  Uptime     0d 0h 1m 3s                             kl                0.001  │
│  Remaini…     0d 0h 48m                             clipfrac          0.049  │
│                     56s                                                      │
│                                                                              │
│  User Stats                    Value    User Stats                    Value  │
│  perf                          0.000    score                         0.000  │
│  episode_return               -4.800    episode_length             3782.000  │
│  depth                         0.000    valid_moves                1027.000  │
│  illegal_actions              15.000    new_tiles                    27.000  │
╰──────────────────────────────────────────────────────────────────────────────╯

[0;0H╭──────────────────────────────────────────────────────────────────────────────╮
│  PufferLib 4.0         🐡         GPU: 3%      VRAM: 3.0/39G      RAM: 1.0G  │
│                                                                              │
│  Summary          Value    Evaluate   929ms  96%    Losses            Value  │
│  Env            nethack      GPU       27ms   2%    policy            0.016  │
│  Params            4.0M      Env      899ms  93%    value             0.305  │
│  Steps             2.0M    Train       37ms   3%    entropy           0.076  │
│  SPS              33.5K      Misc       2ms   0%    total             0.045  │
│  Epoch               62      Forwa…    35ms   3%    old_kl            0.004  │
│  Uptime     0d 0h 1m 4s                             kl                0.005  │
│  Remaini…     0d 0h 48m                             clipfrac          0.077  │
│                     46s                                                      │
│                                                                              │
│  User Stats                    Value    User Stats                    Value  │
│  perf                          0.000    score                         0.000  │
│  episode_return               -4.800    episode_length             3782.000  │
│  depth                         0.000    valid_moves                1027.000  │
│  illegal_actions              15.000    new_tiles                    27.000  │
╰──────────────────────────────────────────────────────────────────────────────╯

[0;0H╭──────────────────────────────────────────────────────────────────────────────╮
│  PufferLib 4.0        🐡          GPU: 3%      VRAM: 3.0/39G      RAM: 1.0G  │
│                                                                              │
│  Summary          Value    Evaluate   933ms  96%    Losses            Value  │
│  Env            nethack      GPU       27ms   2%    policy            0.017  │
│  Params            4.0M      Env      903ms  93%    value             0.259  │
│  Steps             2.1M    Train       37ms   3%    entropy           0.078  │
│  SPS              33.3K      Misc       2ms   0%    total             0.041  │
│  Epoch               63      Forwa…    35ms   3%    old_kl            0.002  │
│  Uptime     0d 0h 1m 5s                             kl                0.003  │
│  Remaini…     0d 0h 48m                             clipfrac          0.102  │
│                     59s                                                      │
│                                                                              │
│  User Stats                    Value    User Stats                    Value  │
│  perf                          0.000    score                         0.000  │
│  episode_return               -4.800    episode_length             3782.000  │
│  depth                         0.000    valid_moves                1027.000  │
│  illegal_actions              15.000    new_tiles                    27.000  │
╰──────────────────────────────────────────────────────────────────────────────╯

[0;0H╭──────────────────────────────────────────────────────────────────────────────╮
│  PufferLib 4.0       🐡           GPU: 3%      VRAM: 3.0/39G      RAM: 1.0G  │
│                                                                              │
│  Summary          Value    Evaluate   927ms  96%    Losses            Value  │
│  Env            nethack      GPU       27ms   2%    policy            0.019  │
│  Params            4.0M      Env      898ms  93%    value             0.218  │
│  Steps             2.1M    Train       37ms   3%    entropy           0.096  │
│  SPS              33.5K      Misc       2ms   0%    total             0.039  │
│  Epoch               64      Forwa…    35ms   3%    old_kl            0.008  │
│  Uptime     0d 0h 1m 6s                             kl                0.010  │
│  Remaini…     0d 0h 48m                             clipfrac          0.168  │
│                     41s                                                      │
│                                                                              │
│  User Stats                    Value    User Stats                    Value  │
│  perf                          0.000    score                         0.000  │
│  episode_return                2.300    episode_length             4067.000  │
│  depth                         0.000    valid_moves                1018.000  │
│  illegal_actions               0.000    new_tiles                    23.000  │
╰──────────────────────────────────────────────────────────────────────────────╯

[0;0H╭──────────────────────────────────────────────────────────────────────────────╮
│  PufferLib 4.0      🐡            GPU: 3%      VRAM: 3.0/39G      RAM: 1.0G  │
│                                                                              │
│  Summary          Value    Evaluate   913ms  96%    Losses            Value  │
│  Env            nethack      GPU       27ms   2%    policy            0.017  │
│  Params            4.0M      Env      884ms  92%    value             0.280  │
│  Steps             2.1M    Train       37ms   3%    entropy           0.130  │
│  SPS              34.0K      Misc       2ms   0%    total             0.042  │
│  Epoch               65      Forwa…    35ms   3%    old_kl            0.002  │
│  Uptime     0d 0h 1m 7s                             kl                0.002  │
│  Remaini…     0d 0h 47m                             clipfrac          0.135  │
│                     58s                                                      │
│                                                                              │
│  User Stats                    Value    User Stats                    Value  │
│  perf                          0.000    score                         0.000  │
│  episode_return                2.300    episode_length             4067.000  │
│  depth                         0.000    valid_moves                1018.000  │
│  illegal_actions               0.000    new_tiles                    23.000  │
╰──────────────────────────────────────────────────────────────────────────────╯

[0;0H╭──────────────────────────────────────────────────────────────────────────────╮
│  PufferLib 4.0     🐡             GPU: 3%      VRAM: 3.0/39G      RAM: 1.0G  │
│                                                                              │
│  Summary          Value    Evaluate   915ms  96%    Losses            Value  │
│  Env            nethack      GPU       27ms   2%    policy            0.016  │
│  Params            4.0M      Env      886ms  92%    value             0.265  │
│  Steps             2.2M    Train       37ms   3%    entropy           0.152  │
│  SPS              33.9K      Misc       2ms   0%    total             0.040  │
│  Epoch               66      Forwa…    35ms   3%    old_kl            0.004  │
│  Uptime     0d 0h 1m 8s                             kl                0.005  │
│  Remaini…  0d 0h 48m 2s                             clipfrac          0.149  │
│                                                                              │
│  User Stats                    Value    User Stats                    Value  │
│  perf                          0.000    score                         0.000  │
│  episode_return                2.300    episode_length             4067.000  │
│  depth                         0.000    valid_moves                1018.000  │
│  illegal_actions               0.000    new_tiles                    23.000  │
╰──────────────────────────────────────────────────────────────────────────────╯

[0;0H╭──────────────────────────────────────────────────────────────────────────────╮
│  PufferLib 4.0    🐡              GPU: 3%      VRAM: 3.0/39G      RAM: 1.0G  │
│                                                                              │
│  Summary          Value    Evaluate   919ms  96%    Losses            Value  │
│  Env            nethack      GPU       27ms   2%    policy            0.016  │
│  Params            4.0M      Env      889ms  92%    value             0.232  │
│  Steps             2.2M    Train       37ms   3%    entropy           0.120  │
│  SPS              33.8K      Misc       2ms   0%    total             0.036  │
│  Epoch               67      Forwa…    35ms   3%    old_kl            0.002  │
│  Uptime     0d 0h 1m 9s                             kl                0.003  │
│  Remaini…     0d 0h 48m                             clipfrac          0.138  │
│                     12s                                                      │
│                                                                              │
│  User Stats                    Value    User Stats                    Value  │
│  perf                          0.000    score                         0.000  │
│  episode_return                2.300    episode_length             4067.000  │
│  depth                         0.000    valid_moves                1018.000  │
│  illegal_actions               0.000    new_tiles                    23.000  │
╰──────────────────────────────────────────────────────────────────────────────╯

[0;0H╭──────────────────────────────────────────────────────────────────────────────╮
│  PufferLib 4.0   🐡               GPU: 3%      VRAM: 3.0/39G      RAM: 1.0G  │
│                                                                              │
│  Summary          Value    Evaluate   922ms  96%    Losses            Value  │
│  Env            nethack      GPU       27ms   2%    policy            0.016  │
│  Params            4.0M      Env      892ms  93%    value             0.255  │
│  Steps             2.2M    Train       37ms   3%    entropy           0.090  │
│  SPS              33.7K      Misc       2ms   0%    total             0.039  │
│  Epoch               68      Forwa…    35ms   3%    old_kl            0.004  │
│  Uptime    0d 0h 1m 10s                             kl                0.004  │
│  Remaini…     0d 0h 48m                             clipfrac          0.102  │
│                     20s                                                      │
│                                                                              │
│  User Stats                    Value    User Stats                    Value  │
│  perf                          0.000    score                         0.000  │
│  episode_return                2.300    episode_length             4067.000  │
│  depth                         0.000    valid_moves                1018.000  │
│  illegal_actions               0.000    new_tiles                    23.000  │
╰──────────────────────────────────────────────────────────────────────────────╯

[0;0H╭──────────────────────────────────────────────────────────────────────────────╮
│  PufferLib 4.0  🐡                GPU: 3%      VRAM: 3.0/39G      RAM: 1.0G  │
│                                                                              │
│  Summary          Value    Evaluate   907ms  96%    Losses            Value  │
│  Env            nethack      GPU       27ms   2%    policy            0.013  │
│  Params            4.0M      Env      877ms  92%    value             0.257  │
│  Steps             2.3M    Train       37ms   3%    entropy           0.077  │
│  SPS              34.3K      Misc       2ms   0%    total             0.037  │
│  Epoch               69      Forwa…    35ms   3%    old_kl            0.001  │
│  Uptime    0d 0h 1m 11s                             kl                0.002  │
│  Remaini…     0d 0h 47m                             clipfrac          0.073  │
│                     32s                                                      │
│                                                                              │
│  User Stats                    Value    User Stats                    Value  │
│  perf                          0.000    score                         0.000  │
│  episode_return                2.300    episode_length             4067.000  │
│  depth                         0.000    valid_moves                1018.000  │
│  illegal_actions               0.000    new_tiles                    23.000  │
╰──────────────────────────────────────────────────────────────────────────────╯

[0;0H╭──────────────────────────────────────────────────────────────────────────────╮
│  PufferLib 4.0 🐡                 GPU: 3%      VRAM: 3.0/39G      RAM: 1.0G  │
│                                                                              │
│  Summary          Value    Evaluate   909ms  96%    Losses            Value  │
│  Env            nethack      GPU       27ms   2%    policy            0.016  │
│  Params            4.0M      Env      879ms  92%    value             0.240  │
│  Steps             2.3M    Train       37ms   3%    entropy           0.085  │
│  SPS              34.2K      Misc       2ms   0%    total             0.038  │
│  Epoch               70      Forwa…    35ms   3%    old_kl            0.006  │
│  Uptime    0d 0h 1m 12s                             kl                0.006  │
│  Remaini…     0d 0h 47m                             clipfrac          0.107  │
│                     39s                                                      │
│                                                                              │
│  User Stats                    Value    User Stats                    Value  │
│  perf                          0.000    score                         0.000  │
│  episode_return                2.300    episode_length             4067.000  │
│  depth                         0.000    valid_moves                1018.000  │
│  illegal_actions               0.000    new_tiles                    23.000  │
╰──────────────────────────────────────────────────────────────────────────────╯

[0;0H╭──────────────────────────────────────────────────────────────────────────────╮
│  PufferLib 4.0          🐡        GPU: 3%      VRAM: 3.0/39G      RAM: 1.0G  │
│                                                                              │
│  Summary          Value    Evaluate   905ms  96%    Losses            Value  │
│  Env            nethack      GPU       27ms   2%    policy            0.016  │
│  Params            4.0M      Env      876ms  92%    value             0.300  │
│  Steps             2.3M    Train       38ms   3%    entropy           0.083  │
│  SPS              34.3K      Misc       2ms   0%    total             0.044  │
│  Epoch               71      Forwa…    35ms   3%    old_kl            0.002  │
│  Uptime    0d 0h 1m 13s                             kl                0.002  │
│  Remaini…     0d 0h 47m                             clipfrac          0.080  │
│                     27s                                                      │
│                                                                              │
│  User Stats                    Value    User Stats                    Value  │
│  perf                          0.000    score                         0.000  │
│  episode_return                2.300    episode_length             4067.000  │
│  depth                         0.000    valid_moves                1018.000  │
│  illegal_actions               0.000    new_tiles                    23.000  │
╰──────────────────────────────────────────────────────────────────────────────╯

[0;0H╭──────────────────────────────────────────────────────────────────────────────╮
│  PufferLib 4.0         🐡         GPU: 3%      VRAM: 3.0/39G      RAM: 1.0G  │
│                                                                              │
│  Summary          Value    Evaluate   909ms  96%    Losses            Value  │
│  Env            nethack      GPU       27ms   2%    policy            0.022  │
│  Params            4.0M      Env      880ms  92%    value             0.089  │
│  Steps             2.4M    Train       37ms   3%    entropy           0.112  │
│  SPS              34.1K      Misc       2ms   0%    total             0.028  │
│  Epoch               72      Forwa…    35ms   3%    old_kl            0.006  │
│  Uptime    0d 0h 1m 14s                             kl                0.008  │
│  Remaini…     0d 0h 47m                             clipfrac          0.155  │
│                     39s                                                      │
│                                                                              │
│  User Stats                    Value    User Stats                    Value  │
│  perf                          0.000    score                         0.000  │
│  episode_return                1.100    episode_length             4480.000  │
│  depth                         0.000    valid_moves                  11.000  │
│  illegal_actions               0.000    new_tiles                    11.000  │
╰──────────────────────────────────────────────────────────────────────────────╯

[0;0H╭──────────────────────────────────────────────────────────────────────────────╮
│  PufferLib 4.0        🐡          GPU: 3%      VRAM: 3.0/39G      RAM: 1.0G  │
│                                                                              │
│  Summary          Value    Evaluate   911ms  96%    Losses            Value  │
│  Env            nethack      GPU       27ms   2%    policy            0.022  │
│  Params            4.0M      Env      882ms  92%    value             0.241  │
│  Steps             2.4M    Train       37ms   3%    entropy           0.125  │
│  SPS              34.1K      Misc       2ms   0%    total             0.044  │
│  Epoch               73      Forwa…    35ms   3%    old_kl            0.010  │
│  Uptime    0d 0h 1m 15s                             kl                0.009  │
│  Remaini…     0d 0h 47m                             clipfrac          0.171  │
│                     43s                                                      │
│                                                                              │
│  User Stats                    Value    User Stats                    Value  │
│  perf                          0.000    score                         0.000  │
│  episode_return                1.100    episode_length             4480.000  │
│  depth                         0.000    valid_moves                  11.000  │
│  illegal_actions               0.000    new_tiles                    11.000  │
╰──────────────────────────────────────────────────────────────────────────────╯

[0;0H╭──────────────────────────────────────────────────────────────────────────────╮
│  PufferLib 4.0       🐡           GPU: 3%      VRAM: 3.0/39G      RAM: 1.0G  │
│                                                                              │
│  Summary          Value    Evaluate   912ms  96%    Losses            Value  │
│  Env            nethack      GPU       27ms   2%    policy            0.016  │
│  Params            4.0M      Env      882ms  92%    value             0.201  │
│  Steps             2.4M    Train       37ms   3%    entropy           0.093  │
│  SPS              34.1K      Misc       2ms   0%    total             0.035  │
│  Epoch               74      Forwa…    35ms   3%    old_kl            0.006  │
│  Uptime    0d 0h 1m 16s                             kl                0.006  │
│  Remaini…     0d 0h 47m                             clipfrac          0.127  │
│                     41s                                                      │
│                                                                              │
│  User Stats                    Value    User Stats                    Value  │
│  perf                          0.000    score                         0.000  │
│  episode_return                1.100    episode_length             4480.000  │
│  depth                         0.000    valid_moves                  11.000  │
│  illegal_actions               0.000    new_tiles                    11.000  │
╰──────────────────────────────────────────────────────────────────────────────╯

[0;0H╭──────────────────────────────────────────────────────────────────────────────╮
│  PufferLib 4.0      🐡            GPU: 3%      VRAM: 3.0/39G      RAM: 1.0G  │
│                                                                              │
│  Summary          Value    Evaluate   914ms  96%    Losses            Value  │
│  Env            nethack      GPU       27ms   2%    policy            0.016  │
│  Params            4.0M      Env      884ms  92%    value             0.275  │
│  Steps             2.5M    Train       38ms   3%    entropy           0.095  │
│  SPS              34.0K      Misc       2ms   0%    total             0.041  │
│  Epoch               75      Forwa…    35ms   3%    old_kl            0.008  │
│  Uptime    0d 0h 1m 17s                             kl                0.007  │
│  Remaini…     0d 0h 47m                             clipfrac          0.115  │
│                     47s                                                      │
│                                                                              │
│  User Stats                    Value    User Stats                    Value  │
│  perf                          0.000    score                         0.000  │
│  episode_return                1.100    episode_length             4480.000  │
│  depth                         0.000    valid_moves                  11.000  │
│  illegal_actions               0.000    new_tiles                    11.000  │
╰──────────────────────────────────────────────────────────────────────────────╯

[0;0H╭──────────────────────────────────────────────────────────────────────────────╮
│  PufferLib 4.0     🐡             GPU: 3%      VRAM: 3.0/39G      RAM: 1.0G  │
│                                                                              │
│  Summary          Value    Evaluate   920ms  96%    Losses            Value  │
│  Env            nethack      GPU       27ms   2%    policy            0.024  │
│  Params            4.0M      Env      890ms  92%    value             0.213  │
│  Steps             2.5M    Train       37ms   3%    entropy           0.113  │
│  SPS              33.8K      Misc       2ms   0%    total             0.043  │
│  Epoch               76      Forwa…    35ms   3%    old_kl            0.007  │
│  Uptime    0d 0h 1m 18s                             kl                0.009  │
│  Remaini…  0d 0h 48m 5s                             clipfrac          0.133  │
│                                                                              │
│  User Stats                    Value    User Stats                    Value  │
│  perf                          0.000    score                         0.000  │
│  episode_return                1.100    episode_length             4480.000  │
│  depth                         0.000    valid_moves                  11.000  │
│  illegal_actions               0.000    new_tiles                    11.000  │
╰──────────────────────────────────────────────────────────────────────────────╯

[0;0H╭──────────────────────────────────────────────────────────────────────────────╮
│  PufferLib 4.0    🐡              GPU: 3%      VRAM: 3.0/39G      RAM: 1.0G  │
│                                                                              │
│  Summary          Value    Evaluate   917ms  96%    Losses            Value  │
│  Env            nethack      GPU       27ms   2%    policy            0.017  │
│  Params            4.0M      Env      887ms  92%    value             0.279  │
│  Steps             2.5M    Train       38ms   3%    entropy           0.081  │
│  SPS              33.9K      Misc       2ms   0%    total             0.043  │
│  Epoch               77      Forwa…    35ms   3%    old_kl            0.004  │
│  Uptime    0d 0h 1m 19s                             kl                0.004  │
│  Remaini…     0d 0h 47m                             clipfrac          0.084  │
│                     57s                                                      │
│                                                                              │
│  User Stats                    Value    User Stats                    Value  │
│  perf                          0.000    score                         0.000  │
│  episode_return                1.100    episode_length             4480.000  │
│  depth                         0.000    valid_moves                  11.000  │
│  illegal_actions               0.000    new_tiles                    11.000  │
╰──────────────────────────────────────────────────────────────────────────────╯

[0;0H╭──────────────────────────────────────────────────────────────────────────────╮
│  PufferLib 4.0   🐡               GPU: 3%      VRAM: 3.0/39G      RAM: 1.0G  │
│                                                                              │
│  Summary          Value    Evaluate   912ms  96%    Losses            Value  │
│  Env            nethack      GPU       27ms   2%    policy            0.019  │
│  Params            4.0M      Env      882ms  92%    value             0.283  │
│  Steps             2.6M    Train       37ms   3%    entropy           0.087  │
│  SPS              34.1K      Misc       2ms   0%    total             0.045  │
│  Epoch               78      Forwa…    35ms   3%    old_kl            0.007  │
│  Uptime    0d 0h 1m 20s                             kl                0.007  │
│  Remaini…     0d 0h 47m                             clipfrac          0.100  │
│                     38s                                                      │
│                                                                              │
│  User Stats                    Value    User Stats                    Value  │
│  perf                          0.000    score                         0.000  │
│  episode_return                1.100    episode_length             4480.000  │
│  depth                         0.000    valid_moves                  11.000  │
│  illegal_actions               0.000    new_tiles                    11.000  │
╰──────────────────────────────────────────────────────────────────────────────╯

[0;0H╭──────────────────────────────────────────────────────────────────────────────╮
│  PufferLib 4.0  🐡                GPU: 3%      VRAM: 3.0/39G      RAM: 1.0G  │
│                                                                              │
│  Summary          Value    Evaluate   905ms  96%    Losses            Value  │
│  Env            nethack      GPU       27ms   2%    policy            0.017  │
│  Params            4.0M      Env      876ms  92%    value             0.277  │
│  Steps             2.6M    Train       38ms   3%    entropy           0.100  │
│  SPS              34.3K      Misc       2ms   0%    total             0.043  │
│  Epoch               79      Forwa…    35ms   3%    old_kl            0.007  │
│  Uptime    0d 0h 1m 21s                             kl                0.006  │
│  Remaini…     0d 0h 47m                             clipfrac          0.103  │
│                     18s                                                      │
│                                                                              │
│  User Stats                    Value    User Stats                    Value  │
│  perf                          0.000    score                         0.000  │
│  episode_return                1.100    episode_length             4480.000  │
│  depth                         0.000    valid_moves                  11.000  │
│  illegal_actions               0.000    new_tiles                    11.000  │
╰──────────────────────────────────────────────────────────────────────────────╯

[0;0H╭──────────────────────────────────────────────────────────────────────────────╮
│  PufferLib 4.0 🐡                 GPU: 3%      VRAM: 3.0/39G      RAM: 1.0G  │
│                                                                              │
│  Summary          Value    Evaluate   914ms  96%    Losses            Value  │
│  Env            nethack      GPU       27ms   2%    policy            0.016  │
│  Params            4.0M      Env      884ms  92%    value             0.264  │
│  Steps             2.6M    Train       37ms   3%    entropy           0.087  │
│  SPS              34.0K      Misc       2ms   0%    total             0.040  │
│  Epoch               80      Forwa…    35ms   3%    old_kl            0.004  │
│  Uptime    0d 0h 1m 22s                             kl                0.003  │
│  Remaini…     0d 0h 47m                             clipfrac          0.110  │
│                     43s                                                      │
│                                                                              │
│  User Stats                    Value    User Stats                    Value  │
│  perf                          0.000    score                         0.000  │
│  episode_return                1.100    episode_length             4480.000  │
│  depth                         0.000    valid_moves                  11.000  │
│  illegal_actions               0.000    new_tiles                    11.000  │
╰──────────────────────────────────────────────────────────────────────────────╯

[0;0H╭──────────────────────────────────────────────────────────────────────────────╮
│  PufferLib 4.0          🐡        GPU: 3%      VRAM: 3.0/39G      RAM: 1.0G  │
│                                                                              │
│  Summary          Value    Evaluate   909ms  96%    Losses            Value  │
│  Env            nethack      GPU       27ms   2%    policy            0.017  │
│  Params            4.0M      Env      879ms  92%    value             0.306  │
│  Steps             2.7M    Train       37ms   3%    entropy           0.111  │
│  SPS              34.2K      Misc       2ms   0%    total             0.045  │
│  Epoch               81      Forwa…    35ms   3%    old_kl            0.004  │
│  Uptime    0d 0h 1m 23s                             kl                0.004  │
│  Remaini…     0d 0h 47m                             clipfrac          0.132  │
│                     28s                                                      │
│                                                                              │
│  User Stats                    Value    User Stats                    Value  │
│  perf                          0.000    score                         0.000  │
│  episode_return                1.100    episode_length             4480.000  │
│  depth                         0.000    valid_moves                  11.000  │
│  illegal_actions               0.000    new_tiles                    11.000  │
╰──────────────────────────────────────────────────────────────────────────────╯

[0;0H╭──────────────────────────────────────────────────────────────────────────────╮
│  PufferLib 4.0         🐡         GPU: 3%      VRAM: 3.0/39G      RAM: 1.0G  │
│                                                                              │
│  Summary          Value    Evaluate   910ms  96%    Losses            Value  │
│  Env            nethack      GPU       27ms   2%    policy            0.019  │
│  Params            4.0M      Env      881ms  92%    value             0.282  │
│  Steps             2.7M    Train       38ms   3%    entropy           0.130  │
│  SPS              34.1K      Misc       2ms   0%    total             0.044  │
│  Epoch               82      Forwa…    35ms   3%    old_kl            0.005  │
│  Uptime    0d 0h 1m 24s                             kl                0.005  │
│  Remaini…     0d 0h 47m                             clipfrac          0.183  │
│                     31s                                                      │
│                                                                              │
│  User Stats                    Value    User Stats                    Value  │
│  perf                          0.000    score                         0.000  │
│  episode_return                1.100    episode_length             4480.000  │
│  depth                         0.000    valid_moves                  11.000  │
│  illegal_actions               0.000    new_tiles                    11.000  │
╰──────────────────────────────────────────────────────────────────────────────╯

[0;0H╭──────────────────────────────────────────────────────────────────────────────╮
│  PufferLib 4.0        🐡          GPU: 3%      VRAM: 3.0/39G      RAM: 1.0G  │
│                                                                              │
│  Summary          Value    Evaluate   915ms  96%    Losses            Value  │
│  Env            nethack      GPU       27ms   2%    policy            0.016  │
│  Params            4.0M      Env      885ms  92%    value             0.307  │
│  Steps             2.7M    Train       38ms   3%    entropy           0.108  │
│  SPS              34.0K      Misc       2ms   0%    total             0.044  │
│  Epoch               83      Forwa…    35ms   3%    old_kl            0.005  │
│  Uptime    0d 0h 1m 25s                             kl                0.005  │
│  Remaini…     0d 0h 47m                             clipfrac          0.124  │
│                     43s                                                      │
│                                                                              │
│  User Stats                    Value    User Stats                    Value  │
│  perf                          0.000    score                         0.000  │
│  episode_return                1.100    episode_length             4480.000  │
│  depth                         0.000    valid_moves                  11.000  │
│  illegal_actions               0.000    new_tiles                    11.000  │
╰──────────────────────────────────────────────────────────────────────────────╯

[0;0H╭──────────────────────────────────────────────────────────────────────────────╮
│  PufferLib 4.0       🐡           GPU: 3%      VRAM: 3.0/39G      RAM: 1.0G  │
│                                                                              │
│  Summary          Value    Evaluate   909ms  96%    Losses            Value  │
│  Env            nethack      GPU       27ms   2%    policy            0.018  │
│  Params            4.0M      Env      880ms  92%    value             0.301  │
│  Steps             2.8M    Train       38ms   3%    entropy           0.117  │
│  SPS              34.1K      Misc       2ms   0%    total             0.046  │
│  Epoch               84      Forwa…    35ms   3%    old_kl            0.012  │
│  Uptime    0d 0h 1m 26s                             kl                0.010  │
│  Remaini…     0d 0h 47m                             clipfrac          0.124  │
│                     27s                                                      │
│                                                                              │
│  User Stats                    Value    User Stats                    Value  │
│  perf                          0.000    score                         0.000  │
│  episode_return                1.100    episode_length             4480.000  │
│  depth                         0.000    valid_moves                  11.000  │
│  illegal_actions               0.000    new_tiles                    11.000  │
╰──────────────────────────────────────────────────────────────────────────────╯

[0;0H╭──────────────────────────────────────────────────────────────────────────────╮
│  PufferLib 4.0      🐡            GPU: 3%      VRAM: 3.0/39G      RAM: 1.0G  │
│                                                                              │
│  Summary          Value    Evaluate   938ms  96%    Losses            Value  │
│  Env            nethack      GPU       27ms   2%    policy            0.015  │
│  Params            4.0M      Env      909ms  93%    value             0.326  │
│  Steps             2.8M    Train       38ms   3%    entropy           0.095  │
│  SPS              33.2K      Misc       2ms   0%    total             0.046  │
│  Epoch               85      Forwa…    35ms   3%    old_kl            0.003  │
│  Uptime    0d 0h 1m 27s                             kl                0.004  │
│  Remaini…     0d 0h 48m                             clipfrac          0.128  │
│                     51s                                                      │
│                                                                              │
│  User Stats                    Value    User Stats                    Value  │
│  perf                          0.000    score                         0.000  │
│  episode_return                1.100    episode_length             4480.000  │
│  depth                         0.000    valid_moves                  11.000  │
│  illegal_actions               0.000    new_tiles                    11.000  │
╰──────────────────────────────────────────────────────────────────────────────╯

[0;0H╭──────────────────────────────────────────────────────────────────────────────╮
│  PufferLib 4.0     🐡             GPU: 3%      VRAM: 3.0/39G      RAM: 1.0G  │
│                                                                              │
│  Summary          Value    Evaluate   927ms  96%    Losses            Value  │
│  Env            nethack      GPU       27ms   2%    policy            0.016  │
│  Params            4.0M      Env      897ms  93%    value             0.356  │
│  Steps             2.8M    Train       37ms   3%    entropy           0.086  │
│  SPS              33.5K      Misc       2ms   0%    total             0.049  │
│  Epoch               86      Forwa…    35ms   3%    old_kl            0.009  │
│  Uptime    0d 0h 1m 28s                             kl                0.009  │
│  Remaini…     0d 0h 48m                             clipfrac          0.103  │
│                     18s                                                      │
│                                                                              │
│  User Stats                    Value    User Stats                    Value  │
│  perf                          0.000    score                         0.000  │
│  episode_return                1.100    episode_length             4480.000  │
│  depth                         0.000    valid_moves                  11.000  │
│  illegal_actions               0.000    new_tiles                    11.000  │
╰──────────────────────────────────────────────────────────────────────────────╯

[0;0H╭──────────────────────────────────────────────────────────────────────────────╮
│  PufferLib 4.0    🐡              GPU: 3%      VRAM: 3.0/39G      RAM: 1.0G  │
│                                                                              │
│  Summary          Value    Evaluate   911ms  96%    Losses            Value  │
│  Env            nethack      GPU       27ms   2%    policy            0.015  │
│  Params            4.0M      Env      882ms  92%    value             0.313  │
│  Steps             2.9M    Train       38ms   3%    entropy           0.089  │
│  SPS              34.1K      Misc       2ms   0%    total             0.044  │
│  Epoch               87      Forwa…    35ms   3%    old_kl            0.004  │
│  Uptime    0d 0h 1m 29s                             kl                0.003  │
│  Remaini…     0d 0h 47m                             clipfrac          0.106  │
│                     30s                                                      │
│                                                                              │
│  User Stats                    Value    User Stats                    Value  │
│  perf                          0.000    score                         0.000  │
│  episode_return                1.100    episode_length             4480.000  │
│  depth                         0.000    valid_moves                  11.000  │
│  illegal_actions               0.000    new_tiles                    11.000  │
╰──────────────────────────────────────────────────────────────────────────────╯

[0;0H╭──────────────────────────────────────────────────────────────────────────────╮
│  PufferLib 4.0   🐡               GPU: 3%      VRAM: 3.0/39G      RAM: 1.0G  │
│                                                                              │
│  Summary          Value    Evaluate   908ms  96%    Losses            Value  │
│  Env            nethack      GPU       27ms   2%    policy            0.013  │
│  Params            4.0M      Env      879ms  92%    value             0.353  │
│  Steps             2.9M    Train       38ms   3%    entropy           0.084  │
│  SPS              34.2K      Misc       2ms   0%    total             0.047  │
│  Epoch               88      Forwa…    35ms   3%    old_kl            0.002  │
│  Uptime    0d 0h 1m 29s                             kl                0.002  │
│  Remaini…     0d 0h 47m                             clipfrac          0.094  │
│                     20s                                                      │
│                                                                              │
│  User Stats                    Value    User Stats                    Value  │
│  perf                          0.000    score                         0.000  │
│  episode_return                1.100    episode_length             4480.000  │
│  depth                         0.000    valid_moves                  11.000  │
│  illegal_actions               0.000    new_tiles                    11.000  │
╰──────────────────────────────────────────────────────────────────────────────╯

[0;0H╭──────────────────────────────────────────────────────────────────────────────╮
│  PufferLib 4.0  🐡                GPU: 3%      VRAM: 3.0/39G      RAM: 1.0G  │
│                                                                              │
│  Summary          Value    Evaluate   917ms  96%    Losses            Value  │
│  Env            nethack      GPU       27ms   2%    policy            0.018  │
│  Params            4.0M      Env      888ms  92%    value             0.229  │
│  Steps             2.9M    Train       38ms   3%    entropy           0.098  │
│  SPS              33.9K      Misc       2ms   0%    total             0.039  │
│  Epoch               89      Forwa…    35ms   3%    old_kl            0.005  │
│  Uptime    0d 0h 1m 30s                             kl                0.005  │
│  Remaini…     0d 0h 47m                             clipfrac          0.120  │
│                     45s                                                      │
│                                                                              │
│  User Stats                    Value    User Stats                    Value  │
│  perf                          0.000    score                         0.000  │
│  episode_return                1.100    episode_length             4480.000  │
│  depth                         0.000    valid_moves                  11.000  │
│  illegal_actions               0.000    new_tiles                    11.000  │
╰──────────────────────────────────────────────────────────────────────────────╯

[0;0H╭──────────────────────────────────────────────────────────────────────────────╮
│  PufferLib 4.0 🐡                 GPU: 3%      VRAM: 3.0/39G      RAM: 1.0G  │
│                                                                              │
│  Summary          Value    Evaluate   913ms  96%    Losses            Value  │
│  Env            nethack      GPU       27ms   2%    policy            0.021  │
│  Params            4.0M      Env      884ms  92%    value             0.203  │
│  Steps             2.9M    Train       38ms   3%    entropy           0.115  │
│  SPS              34.0K      Misc       2ms   0%    total             0.039  │
│  Epoch               90      Forwa…    35ms   3%    old_kl            0.021  │
│  Uptime    0d 0h 1m 31s                             kl                0.018  │
│  Remaini…     0d 0h 47m                             clipfrac          0.156  │
│                     33s                                                      │
│                                                                              │
│  User Stats                    Value    User Stats                    Value  │
│  perf                          0.000    score                         0.000  │
│  episode_return                1.100    episode_length             4480.000  │
│  depth                         0.000    valid_moves                  11.000  │
│  illegal_actions               0.000    new_tiles                    11.000  │
╰──────────────────────────────────────────────────────────────────────────────╯

[0;0H╭──────────────────────────────────────────────────────────────────────────────╮
│  PufferLib 4.0          🐡        GPU: 3%      VRAM: 3.0/39G      RAM: 1.0G  │
│                                                                              │
│  Summary          Value    Evaluate   904ms  96%    Losses            Value  │
│  Env            nethack      GPU       27ms   2%    policy            0.020  │
│  Params            4.0M      Env      874ms  92%    value             0.260  │
│  Steps             3.0M    Train       38ms   3%    entropy           0.091  │
│  SPS              34.4K      Misc       2ms   0%    total             0.045  │
│  Epoch               91      Forwa…    35ms   3%    old_kl            0.012  │
│  Uptime    0d 0h 1m 32s                             kl                0.011  │
│  Remaini…  0d 0h 47m 3s                             clipfrac          0.124  │
│                                                                              │
│  User Stats                    Value    User Stats                    Value  │
│  perf                          0.000    score                         0.000  │
│  episode_return                1.100    episode_length             4480.000  │
│  depth                         0.000    valid_moves                  11.000  │
│  illegal_actions               0.000    new_tiles                    11.000  │
╰──────────────────────────────────────────────────────────────────────────────╯

[0;0H╭──────────────────────────────────────────────────────────────────────────────╮
│  PufferLib 4.0         🐡         GPU: 3%      VRAM: 3.0/39G      RAM: 1.0G  │
│                                                                              │
│  Summary          Value    Evaluate   902ms  96%    Losses            Value  │
│  Env            nethack      GPU       27ms   2%    policy            0.016  │
│  Params            4.0M      Env      873ms  92%    value             0.358  │
│  Steps             3.0M    Train       38ms   3%    entropy           0.086  │
│  SPS              34.4K      Misc       2ms   0%    total             0.050  │
│  Epoch               92      Forwa…    35ms   3%    old_kl            0.007  │
│  Uptime    0d 0h 1m 33s                             kl                0.007  │
│  Remaini…     0d 0h 46m                             clipfrac          0.126  │
│                     58s                                                      │
│                                                                              │
│  User Stats                    Value    User Stats                    Value  │
│  perf                          0.000    score                         0.000  │
│  episode_return                1.100    episode_length             4480.000  │
│  depth                         0.000    valid_moves                  11.000  │
│  illegal_actions               0.000    new_tiles                    11.000  │
╰──────────────────────────────────────────────────────────────────────────────╯

[0;0H╭──────────────────────────────────────────────────────────────────────────────╮
│  PufferLib 4.0        🐡          GPU: 3%      VRAM: 3.0/39G      RAM: 1.0G  │
│                                                                              │
│  Summary          Value    Evaluate   903ms  96%    Losses            Value  │
│  Env            nethack      GPU       27ms   2%    policy            0.020  │
│  Params            4.0M      Env      874ms  92%    value             0.297  │
│  Steps             3.0M    Train       38ms   3%    entropy           0.090  │
│  SPS              34.4K      Misc       2ms   0%    total             0.048  │
│  Epoch               93      Forwa…    35ms   3%    old_kl            0.006  │
│  Uptime    0d 0h 1m 34s                             kl                0.008  │
│  Remaini…  0d 0h 47m 0s                             clipfrac          0.143  │
│                                                                              │
│  User Stats                    Value    User Stats                    Value  │
│  perf                          0.000    score                         0.000  │
│  episode_return                1.100    episode_length             4480.000  │
│  depth                         0.000    valid_moves                  11.000  │
│  illegal_actions               0.000    new_tiles                    11.000  │
╰──────────────────────────────────────────────────────────────────────────────╯

[0;0H╭──────────────────────────────────────────────────────────────────────────────╮
│  PufferLib 4.0       🐡           GPU: 3%      VRAM: 3.0/39G      RAM: 1.0G  │
│                                                                              │
│  Summary          Value    Evaluate   904ms  95%    Losses            Value  │
│  Env            nethack      GPU       27ms   2%    policy            0.019  │
│  Params            4.0M      Env      875ms  92%    value             0.326  │
│  Steps             3.1M    Train       38ms   4%    entropy           0.075  │
│  SPS              34.3K      Misc       2ms   0%    total             0.050  │
│  Epoch               94      Forwa…    35ms   3%    old_kl            0.005  │
│  Uptime    0d 0h 1m 35s                             kl                0.006  │
│  Remaini…  0d 0h 47m 2s                             clipfrac          0.100  │
│                                                                              │
│  User Stats                    Value    User Stats                    Value  │
│  perf                          0.000    score                         0.000  │
│  episode_return                1.100    episode_length             4480.000  │
│  depth                         0.000    valid_moves                  11.000  │
│  illegal_actions               0.000    new_tiles                    11.000  │
╰──────────────────────────────────────────────────────────────────────────────╯

[0;0H╭──────────────────────────────────────────────────────────────────────────────╮
│  PufferLib 4.0      🐡            GPU: 3%      VRAM: 3.0/39G      RAM: 1.0G  │
│                                                                              │
│  Summary          Value    Evaluate   908ms  96%    Losses            Value  │
│  Env            nethack      GPU       27ms   2%    policy            0.018  │
│  Params            4.0M      Env      879ms  92%    value             0.361  │
│  Steps             3.1M    Train       38ms   3%    entropy           0.096  │
│  SPS              34.2K      Misc       2ms   0%    total             0.052  │
│  Epoch               95      Forwa…    35ms   3%    old_kl            0.004  │
│  Uptime    0d 0h 1m 36s                             kl                0.003  │
│  Remaini…     0d 0h 47m                             clipfrac          0.108  │
│                     14s                                                      │
│                                                                              │
│  User Stats                    Value    User Stats                    Value  │
│  perf                          0.000    score                         0.000  │
│  episode_return                1.100    episode_length             4480.000  │
│  depth                         0.000    valid_moves                  11.000  │
│  illegal_actions               0.000    new_tiles                    11.000  │
╰──────────────────────────────────────────────────────────────────────────────╯

[0;0H╭──────────────────────────────────────────────────────────────────────────────╮
│  PufferLib 4.0     🐡             GPU: 3%      VRAM: 3.0/39G      RAM: 1.0G  │
│                                                                              │
│  Summary          Value    Evaluate   910ms  96%    Losses            Value  │
│  Env            nethack      GPU       27ms   2%    policy            0.016  │
│  Params            4.0M      Env      880ms  92%    value             0.330  │
│  Steps             3.1M    Train       38ms   3%    entropy           0.088  │
│  SPS              34.1K      Misc       2ms   0%    total             0.047  │
│  Epoch               96      Forwa…    35ms   3%    old_kl            0.004  │
│  Uptime    0d 0h 1m 37s                             kl                0.003  │
│  Remaini…     0d 0h 47m                             clipfrac          0.118  │
│                     16s                                                      │
│                                                                              │
│  User Stats                    Value    User Stats                    Value  │
│  perf                          0.000    score                         0.000  │
│  episode_return                1.100    episode_length             4480.000  │
│  depth                         0.000    valid_moves                  11.000  │
│  illegal_actions               0.000    new_tiles                    11.000  │
╰──────────────────────────────────────────────────────────────────────────────╯

[0;0H╭──────────────────────────────────────────────────────────────────────────────╮
│  PufferLib 4.0    🐡              GPU: 3%      VRAM: 3.0/39G      RAM: 1.0G  │
│                                                                              │
│  Summary          Value    Evaluate   911ms  96%    Losses            Value  │
│  Env            nethack      GPU       27ms   2%    policy            0.018  │
│  Params            4.0M      Env      881ms  92%    value             0.366  │
│  Steps             3.2M    Train       38ms   3%    entropy           0.083  │
│  SPS              34.1K      Misc       2ms   0%    total             0.053  │
│  Epoch               97      Forwa…    35ms   3%    old_kl            0.005  │
│  Uptime    0d 0h 1m 38s                             kl                0.005  │
│  Remaini…     0d 0h 47m                             clipfrac          0.112  │
│                     19s                                                      │
│                                                                              │
│  User Stats                    Value    User Stats                    Value  │
│  perf                          0.000    score                         0.000  │
│  episode_return                1.100    episode_length             4480.000  │
│  depth                         0.000    valid_moves                  11.000  │
│  illegal_actions               0.000    new_tiles                    11.000  │
╰──────────────────────────────────────────────────────────────────────────────╯

[0;0H╭──────────────────────────────────────────────────────────────────────────────╮
│  PufferLib 4.0   🐡               GPU: 3%      VRAM: 3.0/39G      RAM: 1.0G  │
│                                                                              │
│  Summary          Value    Evaluate   902ms  95%    Losses            Value  │
│  Env            nethack      GPU       27ms   2%    policy            0.019  │
│  Params            4.0M      Env      872ms  92%    value             0.305  │
│  Steps             3.2M    Train       38ms   4%    entropy           0.079  │
│  SPS              34.4K      Misc       2ms   0%    total             0.048  │
│  Epoch               98      Forwa…    36ms   3%    old_kl            0.005  │
│  Uptime    0d 0h 1m 39s                             kl                0.006  │
│  Remaini…     0d 0h 46m                             clipfrac          0.106  │
│                     51s                                                      │
│                                                                              │
│  User Stats                    Value    User Stats                    Value  │
│  perf                          0.000    score                         0.000  │
│  episode_return                1.100    episode_length             4480.000  │
│  depth                         0.000    valid_moves                  11.000  │
│  illegal_actions               0.000    new_tiles                    11.000  │
╰──────────────────────────────────────────────────────────────────────────────╯

[0;0H╭──────────────────────────────────────────────────────────────────────────────╮
│  PufferLib 4.0  🐡                GPU: 3%      VRAM: 3.0/39G      RAM: 1.0G  │
│                                                                              │
│  Summary          Value    Evaluate   904ms  96%    Losses            Value  │
│  Env            nethack      GPU       27ms   2%    policy            0.017  │
│  Params            4.0M      Env      875ms  92%    value             0.370  │
│  Steps             3.2M    Train       38ms   3%    entropy           0.077  │
│  SPS              34.3K      Misc       2ms   0%    total             0.052  │
│  Epoch               99      Forwa…    35ms   3%    old_kl            0.002  │
│  Uptime    0d 0h 1m 40s                             kl                0.002  │
│  Remaini…     0d 0h 46m                             clipfrac          0.103  │
│                     57s                                                      │
│                                                                              │
│  User Stats                    Value    User Stats                    Value  │
│  perf                          0.000    score                         0.000  │
│  episode_return                1.100    episode_length             4480.000  │
│  depth                         0.000    valid_moves                  11.000  │
│  illegal_actions               0.000    new_tiles                    11.000  │
╰──────────────────────────────────────────────────────────────────────────────╯

[0;0H╭──────────────────────────────────────────────────────────────────────────────╮
│  PufferLib 4.0 🐡                 GPU: 3%      VRAM: 3.0/39G      RAM: 1.0G  │
│                                                                              │
│  Summary          Value    Evaluate   900ms  95%    Losses            Value  │
│  Env            nethack      GPU       27ms   2%    policy            0.018  │
│  Params            4.0M      Env      870ms  92%    value             0.342  │
│  Steps             3.3M    Train       38ms   4%    entropy           0.072  │
│  SPS              34.5K      Misc       2ms   0%    total             0.051  │
│  Epoch              100      Forwa…    35ms   3%    old_kl            0.003  │
│  Uptime    0d 0h 1m 41s                             kl                0.003  │
│  Remaini…     0d 0h 46m                             clipfrac          0.092  │
│                     43s                                                      │
│                                                                              │
│  User Stats                    Value    User Stats                    Value  │
│  perf                          0.000    score                         0.000  │
│  episode_return                1.100    episode_length             4480.000  │
│  depth                         0.000    valid_moves                  11.000  │
│  illegal_actions               0.000    new_tiles                    11.000  │
╰──────────────────────────────────────────────────────────────────────────────╯

[0;0H╭──────────────────────────────────────────────────────────────────────────────╮
│  PufferLib 4.0          🐡        GPU: 3%      VRAM: 3.0/39G      RAM: 1.0G  │
│                                                                              │
│  Summary          Value    Evaluate   900ms  95%    Losses            Value  │
│  Env            nethack      GPU       27ms   2%    policy            0.017  │
│  Params            4.0M      Env      870ms  92%    value             0.349  │
│  Steps             3.3M    Train       38ms   4%    entropy           0.071  │
│  SPS              34.5K      Misc       2ms   0%    total             0.051  │
│  Epoch              101      Forwa…    35ms   3%    old_kl            0.004  │
│  Uptime    0d 0h 1m 42s                             kl                0.004  │
│  Remaini…     0d 0h 46m                             clipfrac          0.097  │
│                     44s                                                      │
│                                                                              │
│  User Stats                    Value    User Stats                    Value  │
│  perf                          0.000    score                         0.000  │
│  episode_return                1.100    episode_length             4480.000  │
│  depth                         0.000    valid_moves                  11.000  │
│  illegal_actions               0.000    new_tiles                    11.000  │
╰──────────────────────────────────────────────────────────────────────────────╯

[0;0H╭──────────────────────────────────────────────────────────────────────────────╮
│  PufferLib 4.0         🐡         GPU: 3%      VRAM: 3.0/39G      RAM: 1.0G  │
│                                                                              │
│  Summary          Value    Evaluate   903ms  96%    Losses            Value  │
│  Env            nethack      GPU       27ms   2%    policy            0.018  │
│  Params            4.0M      Env      874ms  92%    value             0.353  │
│  Steps             3.3M    Train       38ms   3%    entropy           0.066  │
│  SPS              34.4K      Misc       2ms   0%    total             0.052  │
│  Epoch              102      Forwa…    35ms   3%    old_kl            0.004  │
│  Uptime    0d 0h 1m 43s                             kl                0.004  │
│  Remaini…     0d 0h 46m                             clipfrac          0.095  │
│                     52s                                                      │
│                                                                              │
│  User Stats                    Value    User Stats                    Value  │
│  perf                          0.000    score                         0.000  │
│  episode_return                1.100    episode_length             4480.000  │
│  depth                         0.000    valid_moves                  11.000  │
│  illegal_actions               0.000    new_tiles                    11.000  │
╰──────────────────────────────────────────────────────────────────────────────╯

[0;0H╭──────────────────────────────────────────────────────────────────────────────╮
│  PufferLib 4.0        🐡          GPU: 3%      VRAM: 3.0/39G      RAM: 1.0G  │
│                                                                              │
│  Summary          Value    Evaluate   904ms  95%    Losses            Value  │
│  Env            nethack      GPU       27ms   2%    policy            0.017  │
│  Params            4.0M      Env      875ms  92%    value             0.365  │
│  Steps             3.4M    Train       38ms   4%    entropy           0.069  │
│  SPS              34.3K      Misc       2ms   0%    total             0.052  │
│  Epoch              103      Forwa…    35ms   3%    old_kl            0.003  │
│  Uptime    0d 0h 1m 44s                             kl                0.003  │
│  Remaini…     0d 0h 46m                             clipfrac          0.090  │
│                     54s                                                      │
│                                                                              │
│  User Stats                    Value    User Stats                    Value  │
│  perf                          0.000    score                         0.000  │
│  episode_return                1.100    episode_length             4480.000  │
│  depth                         0.000    valid_moves                  11.000  │
│  illegal_actions               0.000    new_tiles                    11.000  │
╰──────────────────────────────────────────────────────────────────────────────╯

[0;0H╭──────────────────────────────────────────────────────────────────────────────╮
│  PufferLib 4.0       🐡           GPU: 3%      VRAM: 3.0/39G      RAM: 1.0G  │
│                                                                              │
│  Summary          Value    Evaluate   910ms  96%    Losses            Value  │
│  Env            nethack      GPU       27ms   2%    policy            0.019  │
│  Params            4.0M      Env      880ms  92%    value             0.342  │
│  Steps             3.4M    Train       38ms   3%    entropy           0.070  │
│  SPS              34.1K      Misc       2ms   0%    total             0.051  │
│  Epoch              104      Forwa…    35ms   3%    old_kl            0.003  │
│  Uptime    0d 0h 1m 45s                             kl                0.003  │
│  Remaini…     0d 0h 47m                             clipfrac          0.093  │
│                     10s                                                      │
│                                                                              │
│  User Stats                    Value    User Stats                    Value  │
│  perf                          0.000    score                         0.000  │
│  episode_return                1.100    episode_length             4480.000  │
│  depth                         0.000    valid_moves                  11.000  │
│  illegal_actions               0.000    new_tiles                    11.000  │
╰──────────────────────────────────────────────────────────────────────────────╯

[0;0H╭──────────────────────────────────────────────────────────────────────────────╮
│  PufferLib 4.0      🐡            GPU: 3%      VRAM: 3.0/39G      RAM: 1.0G  │
│                                                                              │
│  Summary          Value    Evaluate   904ms  96%    Losses            Value  │
│  Env            nethack      GPU       27ms   2%    policy            0.019  │
│  Params            4.0M      Env      874ms  92%    value             0.346  │
│  Steps             3.4M    Train       38ms   3%    entropy           0.070  │
│  SPS              34.4K      Misc       2ms   0%    total             0.052  │
│  Epoch              105      Forwa…    35ms   3%    old_kl            0.006  │
│  Uptime    0d 0h 1m 46s                             kl                0.006  │
│  Remaini…     0d 0h 46m                             clipfrac          0.090  │
│                     50s                                                      │
│                                                                              │
│  User Stats                    Value    User Stats                    Value  │
│  perf                          0.000    score                         0.000  │
│  episode_return                1.100    episode_length             4480.000  │
│  depth                         0.000    valid_moves                  11.000  │
│  illegal_actions               0.000    new_tiles                    11.000  │
╰──────────────────────────────────────────────────────────────────────────────╯

[0;0H╭──────────────────────────────────────────────────────────────────────────────╮
│  PufferLib 4.0     🐡             GPU: 3%      VRAM: 3.0/39G      RAM: 1.0G  │
│                                                                              │
│  Summary          Value    Evaluate   907ms  96%    Losses            Value  │
│  Env            nethack      GPU       27ms   2%    policy            0.018  │
│  Params            4.0M      Env      878ms  92%    value             0.336  │
│  Steps             3.5M    Train       38ms   3%    entropy           0.063  │
│  SPS              34.3K      Misc       2ms   0%    total             0.050  │
│  Epoch              106      Forwa…    35ms   3%    old_kl            0.002  │
│  Uptime    0d 0h 1m 47s                             kl                0.003  │
│  Remaini…     0d 0h 46m                             clipfrac          0.078  │
│                     57s                                                      │
│                                                                              │
│  User Stats                    Value    User Stats                    Value  │
│  perf                          0.000    score                         0.000  │
│  episode_return                1.100    episode_length             4480.000  │
│  depth                         0.000    valid_moves                  11.000  │
│  illegal_actions               0.000    new_tiles                    11.000  │
╰──────────────────────────────────────────────────────────────────────────────╯

[0;0H╭──────────────────────────────────────────────────────────────────────────────╮
│  PufferLib 4.0    🐡              GPU: 3%      VRAM: 3.0/39G      RAM: 1.0G  │
│                                                                              │
│  Summary          Value    Evaluate   908ms  96%    Losses            Value  │
│  Env            nethack      GPU       27ms   2%    policy            0.014  │
│  Params            4.0M      Env      879ms  92%    value             0.337  │
│  Steps             3.5M    Train       38ms   3%    entropy           0.041  │
│  SPS              34.2K      Misc       2ms   0%    total             0.047  │
│  Epoch              107      Forwa…    35ms   3%    old_kl            0.003  │
│  Uptime    0d 0h 1m 48s                             kl                0.003  │
│  Remaini…  0d 0h 47m 4s                             clipfrac          0.050  │
│                                                                              │
│  User Stats                    Value    User Stats                    Value  │
│  perf                          0.000    score                         0.000  │
│  episode_return                1.100    episode_length             4480.000  │
│  depth                         0.000    valid_moves                  11.000  │
│  illegal_actions               0.000    new_tiles                    11.000  │
╰──────────────────────────────────────────────────────────────────────────────╯

[0;0H╭──────────────────────────────────────────────────────────────────────────────╮
│  PufferLib 4.0   🐡               GPU: 3%      VRAM: 3.0/39G      RAM: 1.0G  │
│                                                                              │
│  Summary          Value    Evaluate   915ms  96%    Losses            Value  │
│  Env            nethack      GPU       27ms   2%    policy            0.015  │
│  Params            4.0M      Env      886ms  92%    value             0.343  │
│  Steps             3.5M    Train       38ms   3%    entropy           0.045  │
│  SPS              34.0K      Misc       2ms   0%    total             0.049  │
│  Epoch              108      Forwa…    35ms   3%    old_kl            0.002  │
│  Uptime    0d 0h 1m 49s                             kl                0.002  │
│  Remaini…     0d 0h 47m                             clipfrac          0.056  │
│                     20s                                                      │
│                                                                              │
│  User Stats                    Value    User Stats                    Value  │
│  perf                          0.000    score                         0.000  │
│  episode_return                1.100    episode_length             4480.000  │
│  depth                         0.000    valid_moves                  11.000  │
│  illegal_actions               0.000    new_tiles                    11.000  │
╰──────────────────────────────────────────────────────────────────────────────╯

[0;0H╭──────────────────────────────────────────────────────────────────────────────╮
│  PufferLib 4.0  🐡                GPU: 3%      VRAM: 3.0/39G      RAM: 1.0G  │
│                                                                              │
│  Summary          Value    Evaluate   909ms  96%    Losses            Value  │
│  Env            nethack      GPU       27ms   2%    policy            0.016  │
│  Params            4.0M      Env      880ms  92%    value             0.309  │
│  Steps             3.6M    Train       38ms   3%    entropy           0.043  │
│  SPS              34.2K      Misc       2ms   0%    total             0.046  │
│  Epoch              109      Forwa…    35ms   3%    old_kl            0.011  │
│  Uptime    0d 0h 1m 50s                             kl                0.010  │
│  Remaini…  0d 0h 47m 2s                             clipfrac          0.058  │
│                                                                              │
│  User Stats                    Value    User Stats                    Value  │
│  perf                          0.000    score                         0.000  │
│  episode_return                1.100    episode_length             4480.000  │
│  depth                         0.000    valid_moves                  11.000  │
│  illegal_actions               0.000    new_tiles                    11.000  │
╰──────────────────────────────────────────────────────────────────────────────╯

[0;0H╭──────────────────────────────────────────────────────────────────────────────╮
│  PufferLib 4.0 🐡                 GPU: 3%      VRAM: 3.0/39G      RAM: 1.0G  │
│                                                                              │
│  Summary          Value    Evaluate   910ms  96%    Losses            Value  │
│  Env            nethack      GPU       27ms   2%    policy            0.015  │
│  Params            4.0M      Env      881ms  92%    value             0.380  │
│  Steps             3.6M    Train       38ms   3%    entropy           0.041  │
│  SPS              34.1K      Misc       2ms   0%    total             0.052  │
│  Epoch              110      Forwa…    35ms   3%    old_kl            0.002  │
│  Uptime    0d 0h 1m 51s                             kl                0.002  │
│  Remaini…  0d 0h 47m 4s                             clipfrac          0.058  │
│                                                                              │
│  User Stats                    Value    User Stats                    Value  │
│  perf                          0.000    score                         0.000  │
│  episode_return                1.100    episode_length             4480.000  │
│  depth                         0.000    valid_moves                  11.000  │
│  illegal_actions               0.000    new_tiles                    11.000  │
╰──────────────────────────────────────────────────────────────────────────────╯

[0;0H╭──────────────────────────────────────────────────────────────────────────────╮
│  PufferLib 4.0          🐡        GPU: 3%      VRAM: 3.0/39G      RAM: 1.0G  │
│                                                                              │
│  Summary          Value    Evaluate   908ms  96%    Losses            Value  │
│  Env            nethack      GPU       27ms   2%    policy            0.015  │
│  Params            4.0M      Env      879ms  92%    value             0.338  │
│  Steps             3.6M    Train       38ms   3%    entropy           0.042  │
│  SPS              34.2K      Misc       2ms   0%    total             0.048  │
│  Epoch              111      Forwa…    35ms   3%    old_kl            0.003  │
│  Uptime    0d 0h 1m 52s                             kl                0.003  │
│  Remaini…     0d 0h 46m                             clipfrac          0.065  │
│                     57s                                                      │
│                                                                              │
│  User Stats                    Value    User Stats                    Value  │
│  perf                          0.000    score                         0.000  │
│  episode_return                1.100    episode_length             4480.000  │
│  depth                         0.000    valid_moves                  11.000  │
│  illegal_actions               0.000    new_tiles                    11.000  │
╰──────────────────────────────────────────────────────────────────────────────╯

[0;0H╭──────────────────────────────────────────────────────────────────────────────╮
│  PufferLib 4.0         🐡         GPU: 3%      VRAM: 3.0/39G      RAM: 1.0G  │
│                                                                              │
│  Summary          Value    Evaluate   909ms  96%    Losses            Value  │
│  Env            nethack      GPU       27ms   2%    policy            0.014  │
│  Params            4.0M      Env      879ms  92%    value             0.383  │
│  Steps             3.7M    Train       38ms   3%    entropy           0.033  │
│  SPS              34.2K      Misc       2ms   0%    total             0.052  │
│  Epoch              112      Forwa…    35ms   3%    old_kl            0.001  │
│  Uptime    0d 0h 1m 52s                             kl                0.001  │
│  Remaini…     0d 0h 46m                             clipfrac          0.043  │
│                     57s                                                      │
│                                                                              │
│  User Stats                    Value    User Stats                    Value  │
│  perf                          0.000    score                         0.000  │
│  episode_return                1.100    episode_length             4480.000  │
│  depth                         0.000    valid_moves                  11.000  │
│  illegal_actions               0.000    new_tiles                    11.000  │
╰──────────────────────────────────────────────────────────────────────────────╯

[0;0H╭──────────────────────────────────────────────────────────────────────────────╮
│  PufferLib 4.0        🐡          GPU: 3%      VRAM: 3.0/39G      RAM: 1.0G  │
│                                                                              │
│  Summary          Value    Evaluate   910ms  96%    Losses            Value  │
│  Env            nethack      GPU       27ms   2%    policy            0.015  │
│  Params            4.0M      Env      881ms  92%    value             0.420  │
│  Steps             3.7M    Train       38ms   3%    entropy           0.038  │
│  SPS              34.1K      Misc       2ms   0%    total             0.056  │
│  Epoch              113      Forwa…    35ms   3%    old_kl            0.003  │
│  Uptime    0d 0h 1m 53s                             kl                0.003  │
│  Remaini…  0d 0h 47m 0s                             clipfrac          0.045  │
│                                                                              │
│  User Stats                    Value    User Stats                    Value  │
│  perf                          0.000    score                         0.000  │
│  episode_return                1.100    episode_length             4480.000  │
│  depth                         0.000    valid_moves                  11.000  │
│  illegal_actions               0.000    new_tiles                    11.000  │
╰──────────────────────────────────────────────────────────────────────────────╯

[0;0H╭──────────────────────────────────────────────────────────────────────────────╮
│  PufferLib 4.0       🐡           GPU: 3%      VRAM: 3.0/39G      RAM: 1.0G  │
│                                                                              │
│  Summary          Value    Evaluate   908ms  96%    Losses            Value  │
│  Env            nethack      GPU       27ms   2%    policy            0.017  │
│  Params            4.0M      Env      878ms  92%    value             0.365  │
│  Steps             3.7M    Train       38ms   3%    entropy           0.032  │
│  SPS              34.2K      Misc       2ms   0%    total             0.053  │
│  Epoch              114      Forwa…    35ms   3%    old_kl            0.003  │
│  Uptime    0d 0h 1m 54s                             kl                0.003  │
│  Remaini…     0d 0h 46m                             clipfrac          0.054  │
│                     53s                                                      │
│                                                                              │
│  User Stats                    Value    User Stats                    Value  │
│  perf                          0.000    score                         0.000  │
│  episode_return                1.100    episode_length             4480.000  │
│  depth                         0.000    valid_moves                  11.000  │
│  illegal_actions               0.000    new_tiles                    11.000  │
╰──────────────────────────────────────────────────────────────────────────────╯

[0;0H╭──────────────────────────────────────────────────────────────────────────────╮
│  PufferLib 4.0      🐡            GPU: 3%      VRAM: 3.0/39G      RAM: 1.0G  │
│                                                                              │
│  Summary          Value    Evaluate   906ms  96%    Losses            Value  │
│  Env            nethack      GPU       27ms   2%    policy            0.015  │
│  Params            4.0M      Env      877ms  92%    value             0.358  │
│  Steps             3.8M    Train       38ms   3%    entropy           0.027  │
│  SPS              34.3K      Misc       2ms   0%    total             0.050  │
│  Epoch              115      Forwa…    35ms   3%    old_kl            0.002  │
│  Uptime    0d 0h 1m 55s                             kl                0.001  │
│  Remaini…     0d 0h 46m                             clipfrac          0.041  │
│                     47s                                                      │
│                                                                              │
│  User Stats                    Value    User Stats                    Value  │
│  perf                          0.000    score                         0.000  │
│  episode_return                1.100    episode_length             4480.000  │
│  depth                         0.000    valid_moves                  11.000  │
│  illegal_actions               0.000    new_tiles                    11.000  │
╰──────────────────────────────────────────────────────────────────────────────╯

[0;0H╭──────────────────────────────────────────────────────────────────────────────╮
│  PufferLib 4.0     🐡             GPU: 3%      VRAM: 3.0/39G      RAM: 1.0G  │
│                                                                              │
│  Summary          Value    Evaluate   911ms  96%    Losses            Value  │
│  Env            nethack      GPU       27ms   2%    policy            0.014  │
│  Params            4.0M      Env      882ms  92%    value             0.392  │
│  Steps             3.8M    Train       38ms   3%    entropy           0.029  │
│  SPS              34.1K      Misc       2ms   0%    total             0.052  │
│  Epoch              116      Forwa…    35ms   3%    old_kl            0.002  │
│  Uptime    0d 0h 1m 56s                             kl                0.002  │
│  Remaini…     0d 0h 46m                             clipfrac          0.042  │
│                     59s                                                      │
│                                                                              │
│  User Stats                    Value    User Stats                    Value  │
│  perf                          0.000    score                         0.000  │
│  episode_return                1.100    episode_length             4480.000  │
│  depth                         0.000    valid_moves                  11.000  │
│  illegal_actions               0.000    new_tiles                    11.000  │
╰──────────────────────────────────────────────────────────────────────────────╯

[0;0H╭──────────────────────────────────────────────────────────────────────────────╮
│  PufferLib 4.0    🐡              GPU: 3%      VRAM: 3.0/39G      RAM: 1.0G  │
│                                                                              │
│  Summary          Value    Evaluate   922ms  96%    Losses            Value  │
│  Env            nethack      GPU       27ms   2%    policy            0.013  │
│  Params            4.0M      Env      893ms  92%    value             0.362  │
│  Steps             3.8M    Train       38ms   3%    entropy           0.029  │
│  SPS              33.7K      Misc       2ms   0%    total             0.049  │
│  Epoch              117      Forwa…    35ms   3%    old_kl            0.001  │
│  Uptime    0d 0h 1m 57s                             kl                0.001  │
│  Remaini…     0d 0h 47m                             clipfrac          0.042  │
│                     34s                                                      │
│                                                                              │
│  User Stats                    Value    User Stats                    Value  │
│  perf                          0.000    score                         0.000  │
│  episode_return                1.100    episode_length             4480.000  │
│  depth                         0.000    valid_moves                  11.000  │
│  illegal_actions               0.000    new_tiles                    11.000  │
╰──────────────────────────────────────────────────────────────────────────────╯

[0;0H╭──────────────────────────────────────────────────────────────────────────────╮
│  PufferLib 4.0   🐡               GPU: 3%      VRAM: 3.0/39G      RAM: 1.0G  │
│                                                                              │
│  Summary          Value    Evaluate   922ms  96%    Losses            Value  │
│  Env            nethack      GPU       27ms   2%    policy            0.015  │
│  Params            4.0M      Env      893ms  93%    value             0.367  │
│  Steps             3.9M    Train       38ms   3%    entropy           0.030  │
│  SPS              33.7K      Misc       2ms   0%    total             0.051  │
│  Epoch              118      Forwa…    35ms   3%    old_kl            0.003  │
│  Uptime    0d 0h 1m 58s                             kl                0.003  │
│  Remaini…     0d 0h 47m                             clipfrac          0.042  │
│                     33s                                                      │
│                                                                              │
│  User Stats                    Value    User Stats                    Value  │
│  perf                          0.000    score                         0.000  │
│  episode_return                1.100    episode_length             4480.000  │
│  depth                         0.000    valid_moves                  11.000  │
│  illegal_actions               0.000    new_tiles                    11.000  │
╰──────────────────────────────────────────────────────────────────────────────╯

[0;0H╭──────────────────────────────────────────────────────────────────────────────╮
│  PufferLib 4.0  🐡                GPU: 3%      VRAM: 3.0/39G      RAM: 1.0G  │
│                                                                              │
│  Summary          Value    Evaluate   919ms  96%    Losses            Value  │
│  Env            nethack      GPU       27ms   2%    policy            0.013  │
│  Params            4.0M      Env      890ms  92%    value             0.368  │
│  Steps             3.9M    Train       38ms   3%    entropy           0.027  │
│  SPS              33.8K      Misc       2ms   0%    total             0.049  │
│  Epoch              119      Forwa…    35ms   3%    old_kl            0.000  │
│  Uptime    0d 0h 1m 59s                             kl                0.000  │
│  Remaini…     0d 0h 47m                             clipfrac          0.038  │
│                     23s                                                      │
│                                                                              │
│  User Stats                    Value    User Stats                    Value  │
│  perf                          0.000    score                         0.000  │
│  episode_return                1.100    episode_length             4480.000  │
│  depth                         0.000    valid_moves                  11.000  │
│  illegal_actions               0.000    new_tiles                    11.000  │
╰──────────────────────────────────────────────────────────────────────────────╯

[0;0H╭──────────────────────────────────────────────────────────────────────────────╮
│  PufferLib 4.0 🐡                 GPU: 3%      VRAM: 3.0/39G      RAM: 1.0G  │
│                                                                              │
│  Summary          Value    Evaluate   907ms  96%    Losses            Value  │
│  Env            nethack      GPU       27ms   2%    policy            0.017  │
│  Params            4.0M      Env      877ms  92%    value             0.365  │
│  Steps             3.9M    Train       38ms   3%    entropy           0.041  │
│  SPS              34.2K      Misc       2ms   0%    total             0.053  │
│  Epoch              120      Forwa…    35ms   3%    old_kl            0.003  │
│  Uptime     0d 0h 2m 0s                             kl                0.003  │
│  Remaini…     0d 0h 46m                             clipfrac          0.059  │
│                     45s                                                      │
│                                                                              │
│  User Stats                    Value    User Stats                    Value  │
│  perf                          0.000    score                         0.000  │
│  episode_return                1.100    episode_length             4480.000  │
│  depth                         0.000    valid_moves                  11.000  │
│  illegal_actions               0.000    new_tiles                    11.000  │
╰──────────────────────────────────────────────────────────────────────────────╯

[0;0H╭──────────────────────────────────────────────────────────────────────────────╮
│  PufferLib 4.0          🐡        GPU: 3%      VRAM: 3.0/39G      RAM: 1.0G  │
│                                                                              │
│  Summary          Value    Evaluate   904ms  96%    Losses            Value  │
│  Env            nethack      GPU       27ms   2%    policy            0.013  │
│  Params            4.0M      Env      874ms  92%    value             0.346  │
│  Steps             4.0M    Train       38ms   3%    entropy           0.029  │
│  SPS              34.4K      Misc       2ms   0%    total             0.047  │
│  Epoch              121      Forwa…    35ms   3%    old_kl            0.001  │
│  Uptime     0d 0h 2m 1s                             kl                0.001  │
│  Remaini…     0d 0h 46m                             clipfrac          0.042  │
│                     33s                                                      │
│                                                                              │
│  User Stats                    Value    User Stats                    Value  │
│  perf                          0.000    score                         0.000  │
│  episode_return                1.100    episode_length             4480.000  │
│  depth                         0.000    valid_moves                  11.000  │
│  illegal_actions               0.000    new_tiles                    11.000  │
╰──────────────────────────────────────────────────────────────────────────────╯

[0;0H╭──────────────────────────────────────────────────────────────────────────────╮
│  PufferLib 4.0         🐡         GPU: 3%      VRAM: 3.0/39G      RAM: 1.0G  │
│                                                                              │
│  Summary          Value    Evaluate   895ms  95%    Losses            Value  │
│  Env            nethack      GPU       27ms   2%    policy            0.016  │
│  Params            4.0M      Env      866ms  92%    value             0.345  │
│  Steps             4.0M    Train       38ms   4%    entropy           0.026  │
│  SPS              34.7K      Misc       2ms   0%    total             0.050  │
│  Epoch              122      Forwa…    35ms   3%    old_kl            0.001  │
│  Uptime     0d 0h 2m 2s                             kl                0.001  │
│  Remaini…  0d 0h 46m 9s                             clipfrac          0.036  │
│                                                                              │
│  User Stats                    Value    User Stats                    Value  │
│  perf                          0.000    score                         0.000  │
│  episode_return                1.100    episode_length             4480.000  │
│  depth                         0.000    valid_moves                  11.000  │
│  illegal_actions               0.000    new_tiles                    11.000  │
╰──────────────────────────────────────────────────────────────────────────────╯

[0;0H╭──────────────────────────────────────────────────────────────────────────────╮
│  PufferLib 4.0        🐡          GPU: 3%      VRAM: 3.0/39G      RAM: 1.0G  │
│                                                                              │
│  Summary          Value    Evaluate   903ms  96%    Losses            Value  │
│  Env            nethack      GPU       27ms   2%    policy            0.013  │
│  Params            4.0M      Env      874ms  92%    value             0.412  │
│  Steps             4.0M    Train       38ms   3%    entropy           0.026  │
│  SPS              34.4K      Misc       2ms   0%    total             0.054  │
│  Epoch              123      Forwa…    35ms   3%    old_kl            0.001  │
│  Uptime     0d 0h 2m 3s                             kl                0.001  │
│  Remaini…     0d 0h 46m                             clipfrac          0.042  │
│                     31s                                                      │
│                                                                              │
│  User Stats                    Value    User Stats                    Value  │
│  perf                          0.000    score                         0.000  │
│  episode_return                1.100    episode_length             4480.000  │
│  depth                         0.000    valid_moves                  11.000  │
│  illegal_actions               0.000    new_tiles                    11.000  │
╰──────────────────────────────────────────────────────────────────────────────╯

[0;0H╭──────────────────────────────────────────────────────────────────────────────╮
│  PufferLib 4.0       🐡           GPU: 3%      VRAM: 3.0/39G      RAM: 1.0G  │
│                                                                              │
│  Summary          Value    Evaluate   903ms  95%    Losses            Value  │
│  Env            nethack      GPU       27ms   2%    policy            0.017  │
│  Params            4.0M      Env      873ms  92%    value             0.351  │
│  Steps             4.1M    Train       38ms   4%    entropy           0.039  │
│  SPS              34.4K      Misc       2ms   0%    total             0.052  │
│  Epoch              124      Forwa…    35ms   3%    old_kl            0.003  │
│  Uptime     0d 0h 2m 4s                             kl                0.003  │
│  Remaini…     0d 0h 46m                             clipfrac          0.063  │
│                     30s                                                      │
│                                                                              │
│  User Stats                    Value    User Stats                    Value  │
│  perf                          0.000    score                         0.000  │
│  episode_return                1.100    episode_length             4480.000  │
│  depth                         0.000    valid_moves                  11.000  │
│  illegal_actions               0.000    new_tiles                    11.000  │
╰──────────────────────────────────────────────────────────────────────────────╯

[0;0H╭──────────────────────────────────────────────────────────────────────────────╮
│  PufferLib 4.0      🐡            GPU: 3%      VRAM: 3.0/39G      RAM: 1.0G  │
│                                                                              │
│  Summary          Value    Evaluate   905ms  96%    Losses            Value  │
│  Env            nethack      GPU       27ms   2%    policy            0.016  │
│  Params            4.0M      Env      876ms  92%    value             0.393  │
│  Steps             4.1M    Train       38ms   3%    entropy           0.029  │
│  SPS              34.3K      Misc       2ms   0%    total             0.054  │
│  Epoch              125      Forwa…    35ms   3%    old_kl            0.003  │
│  Uptime     0d 0h 2m 5s                             kl                0.002  │
│  Remaini…     0d 0h 46m                             clipfrac          0.041  │
│                     37s                                                      │
│                                                                              │
│  User Stats                    Value    User Stats                    Value  │
│  perf                          0.000    score                         0.000  │
│  episode_return                1.100    episode_length             4480.000  │
│  depth                         0.000    valid_moves                  11.000  │
│  illegal_actions               0.000    new_tiles                    11.000  │
╰──────────────────────────────────────────────────────────────────────────────╯

[0;0H╭──────────────────────────────────────────────────────────────────────────────╮
│  PufferLib 4.0     🐡             GPU: 3%      VRAM: 3.0/39G      RAM: 1.0G  │
│                                                                              │
│  Summary          Value    Evaluate   906ms  96%    Losses            Value  │
│  Env            nethack      GPU       27ms   2%    policy            0.016  │
│  Params            4.0M      Env      877ms  92%    value             0.396  │
│  Steps             4.1M    Train       38ms   3%    entropy           0.034  │
│  SPS              34.3K      Misc       2ms   0%    total             0.055  │
│  Epoch              126      Forwa…    35ms   3%    old_kl            0.005  │
│  Uptime     0d 0h 2m 6s                             kl                0.004  │
│  Remaini…     0d 0h 46m                             clipfrac          0.043  │
│                     37s                                                      │
│                                                                              │
│  User Stats                    Value    User Stats                    Value  │
│  perf                          0.000    score                         0.000  │
│  episode_return                1.100    episode_length             4480.000  │
│  depth                         0.000    valid_moves                  11.000  │
│  illegal_actions               0.000    new_tiles                    11.000  │
╰──────────────────────────────────────────────────────────────────────────────╯

[0;0H╭──────────────────────────────────────────────────────────────────────────────╮
│  PufferLib 4.0    🐡              GPU: 3%      VRAM: 3.0/39G      RAM: 1.0G  │
│                                                                              │
│  Summary          Value    Evaluate   901ms  95%    Losses            Value  │
│  Env            nethack      GPU       27ms   2%    policy            0.016  │
│  Params            4.0M      Env      872ms  92%    value             0.443  │
│  Steps             4.2M    Train       38ms   4%    entropy           0.033  │
│  SPS              34.5K      Misc       2ms   0%    total             0.060  │
│  Epoch              127      Forwa…    35ms   3%    old_kl            0.001  │
│  Uptime     0d 0h 2m 7s                             kl                0.002  │
│  Remaini…     0d 0h 46m                             clipfrac          0.044  │
│                     21s                                                      │
│                                                                              │
│  User Stats                    Value    User Stats                    Value  │
│  perf                          0.000    score                         0.000  │
│  episode_return                1.100    episode_length             4480.000  │
│  depth                         0.000    valid_moves                  11.000  │
│  illegal_actions               0.000    new_tiles                    11.000  │
╰──────────────────────────────────────────────────────────────────────────────╯

[0;0H╭──────────────────────────────────────────────────────────────────────────────╮
│  PufferLib 4.0   🐡               GPU: 3%      VRAM: 3.0/39G      RAM: 1.0G  │
│                                                                              │
│  Summary          Value    Evaluate   899ms  95%    Losses            Value  │
│  Env            nethack      GPU       27ms   2%    policy            0.017  │
│  Params            4.0M      Env      869ms  92%    value             0.339  │
│  Steps             4.2M    Train       38ms   4%    entropy           0.027  │
│  SPS              34.5K      Misc       2ms   0%    total             0.051  │
│  Epoch              128      Forwa…    35ms   3%    old_kl            0.006  │
│  Uptime     0d 0h 2m 8s                             kl                0.006  │
│  Remaini…     0d 0h 46m                             clipfrac          0.049  │
│                     14s                                                      │
│                                                                              │
│  User Stats                    Value    User Stats                    Value  │
│  perf                          0.000    score                         0.000  │
│  episode_return                1.100    episode_length             4480.000  │
│  depth                         0.000    valid_moves                  11.000  │
│  illegal_actions               0.000    new_tiles                    11.000  │
╰──────────────────────────────────────────────────────────────────────────────╯

[0;0H╭──────────────────────────────────────────────────────────────────────────────╮
│  PufferLib 4.0  🐡                GPU: 3%      VRAM: 3.0/39G      RAM: 1.0G  │
│                                                                              │
│  Summary          Value    Evaluate   901ms  95%    Losses            Value  │
│  Env            nethack      GPU       27ms   2%    policy            0.019  │
│  Params            4.0M      Env      872ms  92%    value             0.375  │
│  Steps             4.2M    Train       38ms   4%    entropy           0.031  │
│  SPS              34.4K      Misc       2ms   0%    total             0.056  │
│  Epoch              129      Forwa…    35ms   3%    old_kl            0.007  │
│  Uptime     0d 0h 2m 9s                             kl                0.007  │
│  Remaini…     0d 0h 46m                             clipfrac          0.055  │
│                     20s                                                      │
│                                                                              │
│  User Stats                    Value    User Stats                    Value  │
│  perf                          0.000    score                         0.000  │
│  episode_return                1.100    episode_length             4480.000  │
│  depth                         0.000    valid_moves                  11.000  │
│  illegal_actions               0.000    new_tiles                    11.000  │
╰──────────────────────────────────────────────────────────────────────────────╯

[0;0H╭──────────────────────────────────────────────────────────────────────────────╮
│  PufferLib 4.0 🐡                 GPU: 3%      VRAM: 3.0/39G      RAM: 1.0G  │
│                                                                              │
│  Summary          Value    Evaluate   901ms  95%    Losses            Value  │
│  Env            nethack      GPU       27ms   2%    policy            0.014  │
│  Params            4.0M      Env      871ms  92%    value             0.434  │
│  Steps             4.3M    Train       38ms   4%    entropy           0.024  │
│  SPS              34.5K      Misc       2ms   0%    total             0.057  │
│  Epoch              130      Forwa…    35ms   3%    old_kl            0.001  │
│  Uptime    0d 0h 2m 10s                             kl                0.001  │
│  Remaini…     0d 0h 46m                             clipfrac          0.035  │
│                     18s                                                      │
│                                                                              │
│  User Stats                    Value    User Stats                    Value  │
│  perf                          0.000    score                         0.000  │
│  episode_return                1.100    episode_length             4480.000  │
│  depth                         0.000    valid_moves                  11.000  │
│  illegal_actions               0.000    new_tiles                    11.000  │
╰──────────────────────────────────────────────────────────────────────────────╯

[0;0H╭──────────────────────────────────────────────────────────────────────────────╮
│  PufferLib 4.0          🐡        GPU: 3%      VRAM: 3.0/39G      RAM: 1.0G  │
│                                                                              │
│  Summary          Value    Evaluate   905ms  95%    Losses            Value  │
│  Env            nethack      GPU       27ms   2%    policy            0.017  │
│  Params            4.0M      Env      875ms  92%    value             0.340  │
│  Steps             4.3M    Train       38ms   4%    entropy           0.022  │
│  SPS              34.3K      Misc       2ms   0%    total             0.050  │
│  Epoch              131      Forwa…    36ms   3%    old_kl            0.003  │
│  Uptime    0d 0h 2m 11s                             kl                0.002  │
│  Remaini…     0d 0h 46m                             clipfrac          0.041  │
│                     31s                                                      │
│                                                                              │
│  User Stats                    Value    User Stats                    Value  │
│  perf                          0.000    score                         0.000  │
│  episode_return                1.100    episode_length             4480.000  │
│  depth                         0.000    valid_moves                  11.000  │
│  illegal_actions               0.000    new_tiles                    11.000  │
╰──────────────────────────────────────────────────────────────────────────────╯

[0;0H╭──────────────────────────────────────────────────────────────────────────────╮
│  PufferLib 4.0         🐡         GPU: 3%      VRAM: 3.0/39G      RAM: 1.0G  │
│                                                                              │
│  Summary          Value    Evaluate   902ms  95%    Losses            Value  │
│  Env            nethack      GPU       27ms   2%    policy            0.016  │
│  Params            4.0M      Env      872ms  92%    value             0.374  │
│  Steps             4.3M    Train       38ms   4%    entropy           0.024  │
│  SPS              34.4K      Misc       2ms   0%    total             0.052  │
│  Epoch              132      Forwa…    35ms   3%    old_kl            0.001  │
│  Uptime    0d 0h 2m 12s                             kl                0.001  │
│  Remaini…     0d 0h 46m                             clipfrac          0.030  │
│                     18s                                                      │
│                                                                              │
│  User Stats                    Value    User Stats                    Value  │
│  perf                          0.000    score                         0.000  │
│  episode_return                1.100    episode_length             4480.000  │
│  depth                         0.000    valid_moves                  11.000  │
│  illegal_actions               0.000    new_tiles                    11.000  │
╰──────────────────────────────────────────────────────────────────────────────╯

[0;0H╭──────────────────────────────────────────────────────────────────────────────╮
│  PufferLib 4.0        🐡          GPU: 3%      VRAM: 3.0/39G      RAM: 1.0G  │
│                                                                              │
│  Summary          Value    Evaluate   900ms  95%    Losses            Value  │
│  Env            nethack      GPU       27ms   2%    policy            0.017  │
│  Params            4.0M      Env      871ms  92%    value             0.397  │
│  Steps             4.4M    Train       38ms   4%    entropy           0.022  │
│  SPS              34.5K      Misc       2ms   0%    total             0.057  │
│  Epoch              133      Forwa…    35ms   3%    old_kl            0.001  │
│  Uptime    0d 0h 2m 13s                             kl                0.000  │
│  Remaini…     0d 0h 46m                             clipfrac          0.026  │
│                     12s                                                      │
│                                                                              │
│  User Stats                    Value    User Stats                    Value  │
│  perf                          0.000    score                         0.000  │
│  episode_return                1.100    episode_length             4480.000  │
│  depth                         0.000    valid_moves                  11.000  │
│  illegal_actions               0.000    new_tiles                    11.000  │
╰──────────────────────────────────────────────────────────────────────────────╯

[0;0H╭──────────────────────────────────────────────────────────────────────────────╮
│  PufferLib 4.0       🐡           GPU: 3%      VRAM: 3.0/39G      RAM: 1.0G  │
│                                                                              │
│  Summary          Value    Evaluate   897ms  95%    Losses            Value  │
│  Env            nethack      GPU       27ms   2%    policy            0.017  │
│  Params            4.0M      Env      868ms  92%    value             0.344  │
│  Steps             4.4M    Train       38ms   4%    entropy           0.029  │
│  SPS              34.6K      Misc       2ms   0%    total             0.051  │
│  Epoch              134      Forwa…    35ms   3%    old_kl            0.001  │
│  Uptime    0d 0h 2m 13s                             kl                0.002  │
│  Remaini…  0d 0h 46m 4s                             clipfrac          0.055  │
│                                                                              │
│  User Stats                    Value    User Stats                    Value  │
│  perf                          0.000    score                         0.000  │
│  episode_return                1.100    episode_length             4480.000  │
│  depth                         0.000    valid_moves                  11.000  │
│  illegal_actions               0.000    new_tiles                    11.000  │
╰──────────────────────────────────────────────────────────────────────────────╯

[0;0H╭──────────────────────────────────────────────────────────────────────────────╮
│  PufferLib 4.0      🐡            GPU: 3%      VRAM: 3.0/39G      RAM: 1.0G  │
│                                                                              │
│  Summary          Value    Evaluate   898ms  95%    Losses            Value  │
│  Env            nethack      GPU       27ms   2%    policy            0.018  │
│  Params            4.0M      Env      869ms  92%    value             0.377  │
│  Steps             4.4M    Train       38ms   4%    entropy           0.035  │
│  SPS              34.6K      Misc       2ms   0%    total             0.055  │
│  Epoch              135      Forwa…    35ms   3%    old_kl            0.002  │
│  Uptime    0d 0h 2m 14s                             kl                0.002  │
│  Remaini…  0d 0h 46m 4s                             clipfrac          0.067  │
│                                                                              │
│  User Stats                    Value    User Stats                    Value  │
│  perf                          0.000    score                         0.000  │
│  episode_return                1.100    episode_length             4480.000  │
│  depth                         0.000    valid_moves                  11.000  │
│  illegal_actions               0.000    new_tiles                    11.000  │
╰──────────────────────────────────────────────────────────────────────────────╯

[0;0H╭──────────────────────────────────────────────────────────────────────────────╮
│  PufferLib 4.0     🐡             GPU: 3%      VRAM: 3.0/39G      RAM: 1.0G  │
│                                                                              │
│  Summary          Value    Evaluate   905ms  96%    Losses            Value  │
│  Env            nethack      GPU       27ms   2%    policy            0.018  │
│  Params            4.0M      Env      875ms  92%    value             0.364  │
│  Steps             4.5M    Train       38ms   3%    entropy           0.034  │
│  SPS              34.3K      Misc       2ms   0%    total             0.054  │
│  Epoch              136      Forwa…    35ms   3%    old_kl            0.004  │
│  Uptime    0d 0h 2m 15s                             kl                0.005  │
│  Remaini…     0d 0h 46m                             clipfrac          0.065  │
│                     23s                                                      │
│                                                                              │
│  User Stats                    Value    User Stats                    Value  │
│  perf                          0.000    score                         0.000  │
│  episode_return                1.100    episode_length             4480.000  │
│  depth                         0.000    valid_moves                  11.000  │
│  illegal_actions               0.000    new_tiles                    11.000  │
╰──────────────────────────────────────────────────────────────────────────────╯

[0;0H╭──────────────────────────────────────────────────────────────────────────────╮
│  PufferLib 4.0    🐡              GPU: 3%      VRAM: 3.0/39G      RAM: 1.0G  │
│                                                                              │
│  Summary          Value    Evaluate   904ms  96%    Losses            Value  │
│  Env            nethack      GPU       27ms   2%    policy            0.024  │
│  Params            4.0M      Env      874ms  92%    value             0.379  │
│  Steps             4.5M    Train       38ms   3%    entropy           0.044  │
│  SPS              34.3K      Misc       2ms   0%    total             0.060  │
│  Epoch              137      Forwa…    35ms   3%    old_kl            0.005  │
│  Uptime    0d 0h 2m 16s                             kl                0.006  │
│  Remaini…     0d 0h 46m                             clipfrac          0.064  │
│                     21s                                                      │
│                                                                              │
│  User Stats                    Value    User Stats                    Value  │
│  perf                          0.000    score                         0.000  │
│  episode_return                1.100    episode_length             4480.000  │
│  depth                         0.000    valid_moves                  11.000  │
│  illegal_actions               0.000    new_tiles                    11.000  │
╰──────────────────────────────────────────────────────────────────────────────╯

[0;0H╭──────────────────────────────────────────────────────────────────────────────╮
│  PufferLib 4.0   🐡               GPU: 3%      VRAM: 3.0/39G      RAM: 1.0G  │
│                                                                              │
│  Summary          Value    Evaluate   899ms  95%    Losses            Value  │
│  Env            nethack      GPU       27ms   2%    policy            0.020  │
│  Params            4.0M      Env      870ms  92%    value             0.336  │
│  Steps             4.5M    Train       38ms   4%    entropy           0.031  │
│  SPS              34.5K      Misc       2ms   0%    total             0.053  │
│  Epoch              138      Forwa…    35ms   3%    old_kl            0.005  │
│  Uptime    0d 0h 2m 17s                             kl                0.006  │
│  Remaini…  0d 0h 46m 6s                             clipfrac          0.048  │
│                                                                              │
│  User Stats                    Value    User Stats                    Value  │
│  perf                          0.000    score                         0.000  │
│  episode_return                1.100    episode_length             4480.000  │
│  depth                         0.000    valid_moves                  11.000  │
│  illegal_actions               0.000    new_tiles                    11.000  │
╰──────────────────────────────────────────────────────────────────────────────╯

[0;0H╭──────────────────────────────────────────────────────────────────────────────╮
│  PufferLib 4.0  🐡                GPU: 3%      VRAM: 3.0/39G      RAM: 1.0G  │
│                                                                              │
│  Summary          Value    Evaluate   902ms  95%    Losses            Value  │
│  Env            nethack      GPU       27ms   2%    policy            0.015  │
│  Params            4.0M      Env      873ms  92%    value             0.376  │
│  Steps             4.6M    Train       38ms   4%    entropy           0.030  │
│  SPS              34.4K      Misc       2ms   0%    total             0.052  │
│  Epoch              139      Forwa…    35ms   3%    old_kl            0.002  │
│  Uptime    0d 0h 2m 18s                             kl                0.002  │
│  Remaini…     0d 0h 46m                             clipfrac          0.047  │
│                     14s                                                      │
│                                                                              │
│  User Stats                    Value    User Stats                    Value  │
│  perf                          0.000    score                         0.000  │
│  episode_return                1.100    episode_length             4480.000  │
│  depth                         0.000    valid_moves                  11.000  │
│  illegal_actions               0.000    new_tiles                    11.000  │
╰──────────────────────────────────────────────────────────────────────────────╯

[0;0H╭──────────────────────────────────────────────────────────────────────────────╮
│  PufferLib 4.0 🐡                 GPU: 3%      VRAM: 3.0/39G      RAM: 1.0G  │
│                                                                              │
│  Summary          Value    Evaluate   907ms  96%    Losses            Value  │
│  Env            nethack      GPU       27ms   2%    policy            0.019  │
│  Params            4.0M      Env      878ms  92%    value             0.394  │
│  Steps             4.6M    Train       38ms   3%    entropy           0.022  │
│  SPS              34.2K      Misc       2ms   0%    total             0.058  │
│  Epoch              140      Forwa…    35ms   3%    old_kl            0.001  │
│  Uptime    0d 0h 2m 19s                             kl                0.001  │
│  Remaini…     0d 0h 46m                             clipfrac          0.038  │
│                     28s                                                      │
│                                                                              │
│  User Stats                    Value    User Stats                    Value  │
│  perf                          0.000    score                         0.000  │
│  episode_return                1.100    episode_length             4480.000  │
│  depth                         0.000    valid_moves                  11.000  │
│  illegal_actions               0.000    new_tiles                    11.000  │
╰──────────────────────────────────────────────────────────────────────────────╯

[0;0H╭──────────────────────────────────────────────────────────────────────────────╮
│  PufferLib 4.0          🐡        GPU: 3%      VRAM: 3.0/39G      RAM: 1.0G  │
│                                                                              │
│  Summary          Value    Evaluate   903ms  95%    Losses            Value  │
│  Env            nethack      GPU       27ms   2%    policy            0.017  │
│  Params            4.0M      Env      873ms  92%    value             0.407  │
│  Steps             4.6M    Train       38ms   4%    entropy           0.027  │
│  SPS              34.4K      Misc       2ms   0%    total             0.057  │
│  Epoch              141      Forwa…    35ms   3%    old_kl            0.002  │
│  Uptime    0d 0h 2m 20s                             kl                0.002  │
│  Remaini…     0d 0h 46m                             clipfrac          0.036  │
│                     14s                                                      │
│                                                                              │
│  User Stats                    Value    User Stats                    Value  │
│  perf                          0.000    score                         0.000  │
│  episode_return                1.100    episode_length             4480.000  │
│  depth                         0.000    valid_moves                  11.000  │
│  illegal_actions               0.000    new_tiles                    11.000  │
╰──────────────────────────────────────────────────────────────────────────────╯

[0;0H╭──────────────────────────────────────────────────────────────────────────────╮
│  PufferLib 4.0         🐡         GPU: 3%      VRAM: 3.0/39G      RAM: 1.0G  │
│                                                                              │
│  Summary          Value    Evaluate   905ms  96%    Losses            Value  │
│  Env            nethack      GPU       27ms   2%    policy            0.016  │
│  Params            4.0M      Env      875ms  92%    value             0.347  │
│  Steps             4.7M    Train       38ms   3%    entropy           0.022  │
│  SPS              34.3K      Misc       2ms   0%    total             0.051  │
│  Epoch              142      Forwa…    35ms   3%    old_kl            0.002  │
│  Uptime    0d 0h 2m 21s                             kl                0.002  │
│  Remaini…     0d 0h 46m                             clipfrac          0.031  │
│                     18s                                                      │
│                                                                              │
│  User Stats                    Value    User Stats                    Value  │
│  perf                          0.000    score                         0.000  │
│  episode_return                1.100    episode_length             4480.000  │
│  depth                         0.000    valid_moves                  11.000  │
│  illegal_actions               0.000    new_tiles                    11.000  │
╰──────────────────────────────────────────────────────────────────────────────╯

[0;0H╭──────────────────────────────────────────────────────────────────────────────╮
│  PufferLib 4.0        🐡          GPU: 3%      VRAM: 3.0/39G      RAM: 1.0G  │
│                                                                              │
│  Summary          Value    Evaluate   905ms  96%    Losses            Value  │
│  Env            nethack      GPU       27ms   2%    policy            0.014  │
│  Params            4.0M      Env      875ms  92%    value             0.363  │
│  Steps             4.7M    Train       38ms   3%    entropy           0.017  │
│  SPS              34.3K      Misc       2ms   0%    total             0.050  │
│  Epoch              143      Forwa…    35ms   3%    old_kl            0.001  │
│  Uptime    0d 0h 2m 22s                             kl                0.001  │
│  Remaini…     0d 0h 46m                             clipfrac          0.022  │
│                     18s                                                      │
│                                                                              │
│  User Stats                    Value    User Stats                    Value  │
│  perf                          0.000    score                         0.000  │
│  episode_return                1.100    episode_length             4480.000  │
│  depth                         0.000    valid_moves                  11.000  │
│  illegal_actions               0.000    new_tiles                    11.000  │
╰──────────────────────────────────────────────────────────────────────────────╯

[0;0H╭──────────────────────────────────────────────────────────────────────────────╮
│  PufferLib 4.0       🐡           GPU: 3%      VRAM: 3.0/39G      RAM: 1.0G  │
│                                                                              │
│  Summary          Value    Evaluate   900ms  95%    Losses            Value  │
│  Env            nethack      GPU       27ms   2%    policy            0.015  │
│  Params            4.0M      Env      871ms  92%    value             0.348  │
│  Steps             4.7M    Train       38ms   4%    entropy           0.025  │
│  SPS              34.5K      Misc       2ms   0%    total             0.049  │
│  Epoch              144      Forwa…    35ms   3%    old_kl            0.002  │
│  Uptime    0d 0h 2m 23s                             kl                0.003  │
│  Remaini…  0d 0h 46m 3s                             clipfrac          0.035  │
│                                                                              │
│  User Stats                    Value    User Stats                    Value  │
│  perf                          0.000    score                         0.000  │
│  episode_return                1.100    episode_length             4480.000  │
│  depth                         0.000    valid_moves                  11.000  │
│  illegal_actions               0.000    new_tiles                    11.000  │
╰──────────────────────────────────────────────────────────────────────────────╯

[0;0H╭──────────────────────────────────────────────────────────────────────────────╮
│  PufferLib 4.0      🐡            GPU: 3%      VRAM: 3.0/39G      RAM: 1.0G  │
│                                                                              │
│  Summary          Value    Evaluate   901ms  95%    Losses            Value  │
│  Env            nethack      GPU       27ms   2%    policy            0.014  │
│  Params            4.0M      Env      871ms  92%    value             0.349  │
│  Steps             4.8M    Train       38ms   4%    entropy           0.022  │
│  SPS              34.5K      Misc       2ms   0%    total             0.048  │
│  Epoch              145      Forwa…    35ms   3%    old_kl            0.001  │
│  Uptime    0d 0h 2m 24s                             kl                0.001  │
│  Remaini…  0d 0h 46m 3s                             clipfrac          0.036  │
│                                                                              │
│  User Stats                    Value    User Stats                    Value  │
│  perf                          0.000    score                         0.000  │
│  episode_return                1.100    episode_length             4480.000  │
│  depth                         0.000    valid_moves                  11.000  │
│  illegal_actions               0.000    new_tiles                    11.000  │
╰──────────────────────────────────────────────────────────────────────────────╯

[0;0H╭──────────────────────────────────────────────────────────────────────────────╮
│  PufferLib 4.0     🐡             GPU: 3%      VRAM: 3.0/39G      RAM: 1.0G  │
│                                                                              │
│  Summary          Value    Evaluate   900ms  95%    Losses            Value  │
│  Env            nethack      GPU       27ms   2%    policy            0.016  │
│  Params            4.0M      Env      870ms  92%    value             0.348  │
│  Steps             4.8M    Train       38ms   4%    entropy           0.019  │
│  SPS              34.5K      Misc       2ms   0%    total             0.050  │
│  Epoch              146      Forwa…    35ms   3%    old_kl            0.001  │
│  Uptime    0d 0h 2m 25s                             kl                0.001  │
│  Remaini…     0d 0h 45m                             clipfrac          0.032  │
│                     59s                                                      │
│                                                                              │
│  User Stats                    Value    User Stats                    Value  │
│  perf                          0.000    score                         0.000  │
│  episode_return                1.100    episode_length             4480.000  │
│  depth                         0.000    valid_moves                  11.000  │
│  illegal_actions               0.000    new_tiles                    11.000  │
╰──────────────────────────────────────────────────────────────────────────────╯

[0;0H╭──────────────────────────────────────────────────────────────────────────────╮
│  PufferLib 4.0    🐡              GPU: 3%      VRAM: 3.0/39G      RAM: 1.0G  │
│                                                                              │
│  Summary          Value    Evaluate   902ms  95%    Losses            Value  │
│  Env            nethack      GPU       27ms   2%    policy            0.015  │
│  Params            4.0M      Env      872ms  92%    value             0.348  │
│  Steps             4.8M    Train       38ms   4%    entropy           0.016  │
│  SPS              34.4K      Misc       2ms   0%    total             0.049  │
│  Epoch              147      Forwa…    35ms   3%    old_kl            0.000  │
│  Uptime    0d 0h 2m 26s                             kl                0.000  │
│  Remaini…  0d 0h 46m 4s                             clipfrac          0.024  │
│                                                                              │
│  User Stats                    Value    User Stats                    Value  │
│  perf                          0.000    score                         0.000  │
│  episode_return                1.100    episode_length             4480.000  │
│  depth                         0.000    valid_moves                  11.000  │
│  illegal_actions               0.000    new_tiles                    11.000  │
╰──────────────────────────────────────────────────────────────────────────────╯

[0;0H╭──────────────────────────────────────────────────────────────────────────────╮
│  PufferLib 4.0   🐡               GPU: 3%      VRAM: 3.0/39G      RAM: 1.0G  │
│                                                                              │
│  Summary          Value    Evaluate   897ms  95%    Losses            Value  │
│  Env            nethack      GPU       27ms   2%    policy            0.014  │
│  Params            4.0M      Env      868ms  92%    value             0.380  │
│  Steps             4.8M    Train       38ms   4%    entropy           0.018  │
│  SPS              34.6K      Misc       2ms   0%    total             0.052  │
│  Epoch              148      Forwa…    35ms   3%    old_kl            0.001  │
│  Uptime    0d 0h 2m 27s                             kl                0.001  │
│  Remaini…     0d 0h 45m                             clipfrac          0.025  │
│                     48s                                                      │
│                                                                              │
│  User Stats                    Value    User Stats                    Value  │
│  perf                          0.000    score                         0.000  │
│  episode_return                1.100    episode_length             4480.000  │
│  depth                         0.000    valid_moves                  11.000  │
│  illegal_actions               0.000    new_tiles                    11.000  │
╰──────────────────────────────────────────────────────────────────────────────╯

[0;0H╭──────────────────────────────────────────────────────────────────────────────╮
│  PufferLib 4.0  🐡                GPU: 3%      VRAM: 3.0/39G      RAM: 1.0G  │
│                                                                              │
│  Summary          Value    Evaluate   900ms  95%    Losses            Value  │
│  Env            nethack      GPU       27ms   2%    policy            0.017  │
│  Params            4.0M      Env      871ms  92%    value             0.345  │
│  Steps             4.9M    Train       38ms   4%    entropy           0.021  │
│  SPS              34.5K      Misc       2ms   0%    total             0.051  │
│  Epoch              149      Forwa…    35ms   3%    old_kl            0.002  │
│  Uptime    0d 0h 2m 28s                             kl                0.001  │
│  Remaini…     0d 0h 45m                             clipfrac          0.028  │
│                     59s                                                      │
│                                                                              │
│  User Stats                    Value    User Stats                    Value  │
│  perf                          0.000    score                         0.000  │
│  episode_return                1.100    episode_length             4480.000  │
│  depth                         0.000    valid_moves                  11.000  │
│  illegal_actions               0.000    new_tiles                    11.000  │
╰──────────────────────────────────────────────────────────────────────────────╯

[0;0H╭──────────────────────────────────────────────────────────────────────────────╮
│  PufferLib 4.0 🐡                 GPU: 3%      VRAM: 3.0/39G      RAM: 1.0G  │
│                                                                              │
│  Summary          Value    Evaluate   902ms  95%    Losses            Value  │
│  Env            nethack      GPU       27ms   2%    policy            0.014  │
│  Params            4.0M      Env      873ms  92%    value             0.348  │
│  Steps             4.9M    Train       38ms   4%    entropy           0.016  │
│  SPS              34.4K      Misc       2ms   0%    total             0.049  │
│  Epoch              150      Forwa…    35ms   3%    old_kl            0.004  │
│  Uptime    0d 0h 2m 29s                             kl                0.004  │
│  Remaini…  0d 0h 46m 2s                             clipfrac          0.023  │
│                                                                              │
│  User Stats                    Value    User Stats                    Value  │
│  perf                          0.000    score                         0.000  │
│  episode_return                1.100    episode_length             4480.000  │
│  depth                         0.000    valid_moves                  11.000  │
│  illegal_actions               0.000    new_tiles                    11.000  │
╰──────────────────────────────────────────────────────────────────────────────╯

[0;0H╭──────────────────────────────────────────────────────────────────────────────╮
│  PufferLib 4.0          🐡        GPU: 3%      VRAM: 3.0/39G      RAM: 1.0G  │
│                                                                              │
│  Summary          Value    Evaluate   895ms  95%    Losses            Value  │
│  Env            nethack      GPU       27ms   2%    policy            0.016  │
│  Params            4.0M      Env      866ms  92%    value             0.381  │
│  Steps             4.9M    Train       38ms   4%    entropy           0.018  │
│  SPS              34.7K      Misc       2ms   0%    total             0.053  │
│  Epoch              151      Forwa…    35ms   3%    old_kl            0.002  │
│  Uptime    0d 0h 2m 30s                             kl                0.002  │
│  Remaini…     0d 0h 45m                             clipfrac          0.024  │
│                     41s                                                      │
│                                                                              │
│  User Stats                    Value    User Stats                    Value  │
│  perf                          0.000    score                         0.000  │
│  episode_return                1.100    episode_length             4480.000  │
│  depth                         0.000    valid_moves                  11.000  │
│  illegal_actions               0.000    new_tiles                    11.000  │
╰──────────────────────────────────────────────────────────────────────────────╯

[0;0H╭──────────────────────────────────────────────────────────────────────────────╮
│  PufferLib 4.0         🐡         GPU: 3%      VRAM: 3.0/39G      RAM: 1.0G  │
│                                                                              │
│  Summary          Value    Evaluate   907ms  96%    Losses            Value  │
│  Env            nethack      GPU       27ms   2%    policy            0.016  │
│  Params            4.0M      Env      878ms  92%    value             0.426  │
│  Steps             5.0M    Train       38ms   3%    entropy           0.017  │
│  SPS              34.2K      Misc       2ms   0%    total             0.058  │
│  Epoch              152      Forwa…    35ms   3%    old_kl            0.000  │
│  Uptime    0d 0h 2m 31s                             kl                0.001  │
│  Remaini…     0d 0h 46m                             clipfrac          0.019  │
│                     16s                                                      │
│                                                                              │
│  User Stats                    Value    User Stats                    Value  │
│  perf                          0.000    score                         0.000  │
│  episode_return                1.100    episode_length             4480.000  │
│  depth                         0.000    valid_moves                  11.000  │
│  illegal_actions               0.000    new_tiles                    11.000  │
╰──────────────────────────────────────────────────────────────────────────────╯

[0;0H╭──────────────────────────────────────────────────────────────────────────────╮
│  PufferLib 4.0        🐡          GPU: 3%      VRAM: 3.0/39G      RAM: 1.0G  │
│                                                                              │
│  Summary          Value    Evaluate   903ms  95%    Losses            Value  │
│  Env            nethack      GPU       27ms   2%    policy            0.020  │
│  Params            4.0M      Env      874ms  92%    value             0.394  │
│  Steps             5.0M    Train       38ms   4%    entropy           0.013  │
│  SPS              34.4K      Misc       2ms   0%    total             0.060  │
│  Epoch              153      Forwa…    35ms   3%    old_kl            0.000  │
│  Uptime    0d 0h 2m 32s                             kl                0.000  │
│  Remaini…  0d 0h 46m 3s                             clipfrac          0.017  │
│                                                                              │
│  User Stats                    Value    User Stats                    Value  │
│  perf                          0.000    score                         0.000  │
│  episode_return                1.100    episode_length             4480.000  │
│  depth                         0.000    valid_moves                  11.000  │
│  illegal_actions               0.000    new_tiles                    11.000  │
╰──────────────────────────────────────────────────────────────────────────────╯

[0;0H╭──────────────────────────────────────────────────────────────────────────────╮
│  PufferLib 4.0       🐡           GPU: 3%      VRAM: 3.0/39G      RAM: 1.0G  │
│                                                                              │
│  Summary          Value    Evaluate   900ms  95%    Losses            Value  │
│  Env            nethack      GPU       27ms   2%    policy            0.021  │
│  Params            4.0M      Env      870ms  92%    value             0.374  │
│  Steps             5.0M    Train       38ms   4%    entropy           0.015  │
│  SPS              34.5K      Misc       2ms   0%    total             0.058  │
│  Epoch              154      Forwa…    35ms   3%    old_kl            0.001  │
│  Uptime    0d 0h 2m 33s                             kl                0.001  │
│  Remaini…     0d 0h 45m                             clipfrac          0.025  │
│                     52s                                                      │
│                                                                              │
│  User Stats                    Value    User Stats                    Value  │
│  perf                          0.000    score                         0.000  │
│  episode_return                1.100    episode_length             4480.000  │
│  depth                         0.000    valid_moves                  11.000  │
│  illegal_actions               0.000    new_tiles                    11.000  │
╰──────────────────────────────────────────────────────────────────────────────╯

[0;0H╭──────────────────────────────────────────────────────────────────────────────╮
│  PufferLib 4.0      🐡            GPU: 3%      VRAM: 3.0/39G      RAM: 1.0G  │
│                                                                              │
│  Summary          Value    Evaluate   910ms  96%    Losses            Value  │
│  Env            nethack      GPU       27ms   2%    policy            0.015  │
│  Params            4.0M      Env      880ms  92%    value             0.435  │
│  Steps             5.1M    Train       38ms   3%    entropy           0.013  │
│  SPS              34.1K      Misc       2ms   0%    total             0.058  │
│  Epoch              155      Forwa…    35ms   3%    old_kl            0.001  │
│  Uptime    0d 0h 2m 33s                             kl                0.001  │
│  Remaini…     0d 0h 46m                             clipfrac          0.018  │
│                     21s                                                      │
│                                                                              │
│  User Stats                    Value    User Stats                    Value  │
│  perf                          0.000    score                         0.000  │
│  episode_return                1.100    episode_length             4480.000  │
│  depth                         0.000    valid_moves                  11.000  │
│  illegal_actions               0.000    new_tiles                    11.000  │
╰──────────────────────────────────────────────────────────────────────────────╯

[0;0H╭──────────────────────────────────────────────────────────────────────────────╮
│  PufferLib 4.0     🐡             GPU: 3%      VRAM: 3.0/39G      RAM: 1.0G  │
│                                                                              │
│  Summary          Value    Evaluate   902ms  95%    Losses            Value  │
│  Env            nethack      GPU       27ms   2%    policy            0.014  │
│  Params            4.0M      Env      872ms  92%    value             0.396  │
│  Steps             5.1M    Train       38ms   4%    entropy           0.010  │
│  SPS              34.4K      Misc       2ms   0%    total             0.053  │
│  Epoch              156      Forwa…    35ms   3%    old_kl            0.000  │
│  Uptime    0d 0h 2m 34s                             kl                0.000  │
│  Remaini…     0d 0h 45m                             clipfrac          0.014  │
│                     56s                                                      │
│                                                                              │
│  User Stats                    Value    User Stats                    Value  │
│  perf                          0.000    score                         0.000  │
│  episode_return                1.100    episode_length             4480.000  │
│  depth                         0.000    valid_moves                  11.000  │
│  illegal_actions               0.000    new_tiles                    11.000  │
╰──────────────────────────────────────────────────────────────────────────────╯

[0;0H╭──────────────────────────────────────────────────────────────────────────────╮
│  PufferLib 4.0    🐡              GPU: 3%      VRAM: 3.0/39G      RAM: 1.0G  │
│                                                                              │
│  Summary          Value    Evaluate   970ms  96%    Losses            Value  │
│  Env            nethack      GPU       27ms   2%    policy            0.014  │
│  Params            4.0M      Env      940ms  93%    value             0.349  │
│  Steps             5.1M    Train       38ms   3%    entropy           0.014  │
│  SPS              32.1K      Misc       2ms   0%    total             0.049  │
│  Epoch              157      Forwa…    35ms   3%    old_kl            0.001  │
│  Uptime    0d 0h 2m 35s                             kl                0.001  │
│  Remaini…     0d 0h 49m                             clipfrac          0.024  │
│                     12s                                                      │
│                                                                              │
│  User Stats                    Value    User Stats                    Value  │
│  perf                          0.000    score                         0.000  │
│  episode_return                1.100    episode_length             4480.000  │
│  depth                         0.000    valid_moves                  11.000  │
│  illegal_actions               0.000    new_tiles                    11.000  │
╰──────────────────────────────────────────────────────────────────────────────╯

[0;0H╭──────────────────────────────────────────────────────────────────────────────╮
│  PufferLib 4.0   🐡               GPU: 3%      VRAM: 3.0/39G      RAM: 1.0G  │
│                                                                              │
│  Summary          Value    Evaluate   912ms  96%    Losses            Value  │
│  Env            nethack      GPU       27ms   2%    policy            0.016  │
│  Params            4.0M      Env      882ms  92%    value             0.355  │
│  Steps             5.2M    Train       38ms   3%    entropy           0.013  │
│  SPS              34.1K      Misc       2ms   0%    total             0.051  │
│  Epoch              158      Forwa…    35ms   3%    old_kl            0.000  │
│  Uptime    0d 0h 2m 36s                             kl                0.000  │
│  Remaini…     0d 0h 46m                             clipfrac          0.018  │
│                     23s                                                      │
│                                                                              │
│  User Stats                    Value    User Stats                    Value  │
│  perf                          0.000    score                         0.000  │
│  episode_return                1.100    episode_length             4480.000  │
│  depth                         0.000    valid_moves                  11.000  │
│  illegal_actions               0.000    new_tiles                    11.000  │
╰──────────────────────────────────────────────────────────────────────────────╯

[0;0H╭──────────────────────────────────────────────────────────────────────────────╮
│  PufferLib 4.0  🐡                GPU: 3%      VRAM: 3.0/39G      RAM: 1.0G  │
│                                                                              │
│  Summary          Value    Evaluate   906ms  96%    Losses            Value  │
│  Env            nethack      GPU       27ms   2%    policy            0.015  │
│  Params            4.0M      Env      877ms  92%    value             0.368  │
│  Steps             5.2M    Train       38ms   3%    entropy           0.011  │
│  SPS              34.2K      Misc       2ms   0%    total             0.051  │
│  Epoch              159      Forwa…    35ms   3%    old_kl            0.001  │
│  Uptime    0d 0h 2m 37s                             kl                0.001  │
│  Remaini…  0d 0h 46m 7s                             clipfrac          0.014  │
│                                                                              │
│  User Stats                    Value    User Stats                    Value  │
│  perf                          0.000    score                         0.000  │
│  episode_return                1.100    episode_length             4480.000  │
│  depth                         0.000    valid_moves                  11.000  │
│  illegal_actions               0.000    new_tiles                    11.000  │
╰──────────────────────────────────────────────────────────────────────────────╯

[0;0H╭──────────────────────────────────────────────────────────────────────────────╮
│  PufferLib 4.0 🐡                 GPU: 3%      VRAM: 3.0/39G      RAM: 1.0G  │
│                                                                              │
│  Summary          Value    Evaluate   911ms  96%    Losses            Value  │
│  Env            nethack      GPU       27ms   2%    policy            0.017  │
│  Params            4.0M      Env      882ms  92%    value             0.361  │
│  Steps             5.2M    Train       38ms   3%    entropy           0.018  │
│  SPS              34.1K      Misc       2ms   0%    total             0.053  │
│  Epoch              160      Forwa…    35ms   3%    old_kl            0.004  │
│  Uptime    0d 0h 2m 38s                             kl                0.003  │
│  Remaini…     0d 0h 46m                             clipfrac          0.032  │
│                     17s                                                      │
│                                                                              │
│  User Stats                    Value    User Stats                    Value  │
│  perf                          0.000    score                         0.000  │
│  episode_return                1.100    episode_length             4480.000  │
│  depth                         0.000    valid_moves                  11.000  │
│  illegal_actions               0.000    new_tiles                    11.000  │
╰──────────────────────────────────────────────────────────────────────────────╯

[0;0H╭──────────────────────────────────────────────────────────────────────────────╮
│  PufferLib 4.0          🐡        GPU: 3%      VRAM: 3.0/39G      RAM: 1.0G  │
│                                                                              │
│  Summary          Value    Evaluate   907ms  96%    Losses            Value  │
│  Env            nethack      GPU       27ms   2%    policy            0.016  │
│  Params            4.0M      Env      878ms  92%    value             0.379  │
│  Steps             5.3M    Train       38ms   3%    entropy           0.010  │
│  SPS              34.2K      Misc       2ms   0%    total             0.054  │
│  Epoch              161      Forwa…    35ms   3%    old_kl            0.000  │
│  Uptime    0d 0h 2m 39s                             kl                0.000  │
│  Remaini…  0d 0h 46m 7s                             clipfrac          0.018  │
│                                                                              │
│  User Stats                    Value    User Stats                    Value  │
│  perf                          0.000    score                         0.000  │
│  episode_return                1.100    episode_length             4480.000  │
│  depth                         0.000    valid_moves                  11.000  │
│  illegal_actions               0.000    new_tiles                    11.000  │
╰──────────────────────────────────────────────────────────────────────────────╯

[0;0H╭──────────────────────────────────────────────────────────────────────────────╮
│  PufferLib 4.0         🐡         GPU: 3%      VRAM: 3.0/39G      RAM: 1.0G  │
│                                                                              │
│  Summary          Value    Evaluate   905ms  95%    Losses            Value  │
│  Env            nethack      GPU       27ms   2%    policy            0.014  │
│  Params            4.0M      Env      875ms  92%    value             0.377  │
│  Steps             5.3M    Train       38ms   4%    entropy           0.009  │
│  SPS              34.3K      Misc       2ms   0%    total             0.052  │
│  Epoch              162      Forwa…    35ms   3%    old_kl            0.000  │
│  Uptime    0d 0h 2m 40s                             kl                0.000  │
│  Remaini…     0d 0h 45m                             clipfrac          0.010  │
│                     58s                                                      │
│                                                                              │
│  User Stats                    Value    User Stats                    Value  │
│  perf                          0.000    score                         0.000  │
│  episode_return                1.100    episode_length             4480.000  │
│  depth                         0.000    valid_moves                  11.000  │
│  illegal_actions               0.000    new_tiles                    11.000  │
╰──────────────────────────────────────────────────────────────────────────────╯

[0;0H╭──────────────────────────────────────────────────────────────────────────────╮
│  PufferLib 4.0        🐡          GPU: 3%      VRAM: 3.0/39G      RAM: 1.0G  │
│                                                                              │
│  Summary          Value    Evaluate   908ms  96%    Losses            Value  │
│  Env            nethack      GPU       27ms   2%    policy            0.016  │
│  Params            4.0M      Env      879ms  92%    value             0.377  │
│  Steps             5.3M    Train       38ms   3%    entropy           0.011  │
│  SPS              34.2K      Misc       2ms   0%    total             0.054  │
│  Epoch              163      Forwa…    35ms   3%    old_kl            0.001  │
│  Uptime    0d 0h 2m 41s                             kl                0.002  │
│  Remaini…  0d 0h 46m 7s                             clipfrac          0.016  │
│                                                                              │
│  User Stats                    Value    User Stats                    Value  │
│  perf                          0.000    score                         0.000  │
│  episode_return                1.100    episode_length             4480.000  │
│  depth                         0.000    valid_moves                  11.000  │
│  illegal_actions               0.000    new_tiles                    11.000  │
╰──────────────────────────────────────────────────────────────────────────────╯

[0;0H╭──────────────────────────────────────────────────────────────────────────────╮
│  PufferLib 4.0       🐡           GPU: 3%      VRAM: 3.0/39G      RAM: 1.0G  │
│                                                                              │
│  Summary          Value    Evaluate   907ms  96%    Losses            Value  │
│  Env            nethack      GPU       27ms   2%    policy            0.013  │
│  Params            4.0M      Env      878ms  92%    value             0.329  │
│  Steps             5.4M    Train       38ms   3%    entropy           0.011  │
│  SPS              34.2K      Misc       2ms   0%    total             0.046  │
│  Epoch              164      Forwa…    35ms   3%    old_kl            0.000  │
│  Uptime    0d 0h 2m 42s                             kl                0.000  │
│  Remaini…  0d 0h 46m 3s                             clipfrac          0.014  │
│                                                                              │
│  User Stats                    Value    User Stats                    Value  │
│  perf                          0.000    score                         0.000  │
│  episode_return                1.100    episode_length             4480.000  │
│  depth                         0.000    valid_moves                  11.000  │
│  illegal_actions               0.000    new_tiles                    11.000  │
╰──────────────────────────────────────────────────────────────────────────────╯

[0;0H╭──────────────────────────────────────────────────────────────────────────────╮
│  PufferLib 4.0      🐡            GPU: 3%      VRAM: 3.0/39G      RAM: 1.0G  │
│                                                                              │
│  Summary          Value    Evaluate   909ms  96%    Losses            Value  │
│  Env            nethack      GPU       27ms   2%    policy            0.014  │
│  Params            4.0M      Env      880ms  92%    value             0.411  │
│  Steps             5.4M    Train       38ms   3%    entropy           0.009  │
│  SPS              34.2K      Misc       2ms   0%    total             0.055  │
│  Epoch              165      Forwa…    35ms   3%    old_kl            0.000  │
│  Uptime    0d 0h 2m 43s                             kl                0.000  │
│  Remaini…  0d 0h 46m 9s                             clipfrac          0.014  │
│                                                                              │
│  User Stats                    Value    User Stats                    Value  │
│  perf                          0.000    score                         0.000  │
│  episode_return                1.100    episode_length             4480.000  │
│  depth                         0.000    valid_moves                  11.000  │
│  illegal_actions               0.000    new_tiles                    11.000  │
╰──────────────────────────────────────────────────────────────────────────────╯

[0;0H╭──────────────────────────────────────────────────────────────────────────────╮
│  PufferLib 4.0     🐡             GPU: 3%      VRAM: 3.0/39G      RAM: 1.0G  │
│                                                                              │
│  Summary          Value    Evaluate   910ms  95%    Losses            Value  │
│  Env            nethack      GPU       27ms   2%    policy            0.016  │
│  Params            4.0M      Env      881ms  92%    value             0.409  │
│  Steps             5.4M    Train       38ms   4%    entropy           0.008  │
│  SPS              34.1K      Misc       2ms   0%    total             0.057  │
│  Epoch              166      Forwa…    36ms   3%    old_kl            0.000  │
│  Uptime    0d 0h 2m 44s                             kl                0.001  │
│  Remaini…     0d 0h 46m                             clipfrac          0.012  │
│                     10s                                                      │
│                                                                              │
│  User Stats                    Value    User Stats                    Value  │
│  perf                          0.000    score                         0.000  │
│  episode_return                1.100    episode_length             4480.000  │
│  depth                         0.000    valid_moves                  11.000  │
│  illegal_actions               0.000    new_tiles                    11.000  │
╰──────────────────────────────────────────────────────────────────────────────╯

[0;0H╭──────────────────────────────────────────────────────────────────────────────╮
│  PufferLib 4.0    🐡              GPU: 3%      VRAM: 3.0/39G      RAM: 1.0G  │
│                                                                              │
│  Summary          Value    Evaluate   906ms  96%    Losses            Value  │
│  Env            nethack      GPU       27ms   2%    policy            0.014  │
│  Params            4.0M      Env      876ms  92%    value             0.391  │
│  Steps             5.5M    Train       38ms   3%    entropy           0.005  │
│  SPS              34.3K      Misc       2ms   0%    total             0.053  │
│  Epoch              167      Forwa…    35ms   3%    old_kl            0.000  │
│  Uptime    0d 0h 2m 45s                             kl                0.000  │
│  Remaini…     0d 0h 45m                             clipfrac          0.009  │
│                     57s                                                      │
│                                                                              │
│  User Stats                    Value    User Stats                    Value  │
│  perf                          0.000    score                         0.000  │
│  episode_return                1.100    episode_length             4480.000  │
│  depth                         0.000    valid_moves                  11.000  │
│  illegal_actions               0.000    new_tiles                    11.000  │
╰──────────────────────────────────────────────────────────────────────────────╯

[0;0H╭──────────────────────────────────────────────────────────────────────────────╮
│  PufferLib 4.0   🐡               GPU: 3%      VRAM: 3.0/39G      RAM: 1.0G  │
│                                                                              │
│  Summary          Value    Evaluate   904ms  95%    Losses            Value  │
│  Env            nethack      GPU       27ms   2%    policy            0.015  │
│  Params            4.0M      Env      875ms  92%    value             0.363  │
│  Steps             5.5M    Train       38ms   4%    entropy           0.008  │
│  SPS              34.3K      Misc       2ms   0%    total             0.051  │
│  Epoch              168      Forwa…    35ms   3%    old_kl            0.000  │
│  Uptime    0d 0h 2m 46s                             kl                0.000  │
│  Remaini…     0d 0h 45m                             clipfrac          0.014  │
│                     51s                                                      │
│                                                                              │
│  User Stats                    Value    User Stats                    Value  │
│  perf                          0.000    score                         0.000  │
│  episode_return                1.100    episode_length             4480.000  │
│  depth                         0.000    valid_moves                  11.000  │
│  illegal_actions               0.000    new_tiles                    11.000  │
╰──────────────────────────────────────────────────────────────────────────────╯

[0;0H╭──────────────────────────────────────────────────────────────────────────────╮
│  PufferLib 4.0  🐡                GPU: 3%      VRAM: 3.0/39G      RAM: 1.0G  │
│                                                                              │
│  Summary          Value    Evaluate   908ms  96%    Losses            Value  │
│  Env            nethack      GPU       27ms   2%    policy            0.015  │
│  Params            4.0M      Env      878ms  92%    value             0.394  │
│  Steps             5.5M    Train       38ms   3%    entropy           0.008  │
│  SPS              34.2K      Misc       2ms   0%    total             0.054  │
│  Epoch              169      Forwa…    35ms   3%    old_kl            0.000  │
│  Uptime    0d 0h 2m 47s                             kl                0.001  │
│  Remaini…  0d 0h 46m 2s                             clipfrac          0.013  │
│                                                                              │
│  User Stats                    Value    User Stats                    Value  │
│  perf                          0.000    score                         0.000  │
│  episode_return                1.100    episode_length             4480.000  │
│  depth                         0.000    valid_moves                  11.000  │
│  illegal_actions               0.000    new_tiles                    11.000  │
╰──────────────────────────────────────────────────────────────────────────────╯

[0;0H╭──────────────────────────────────────────────────────────────────────────────╮
│  PufferLib 4.0 🐡                 GPU: 3%      VRAM: 3.0/39G      RAM: 1.0G  │
│                                                                              │
│  Summary          Value    Evaluate   912ms  96%    Losses            Value  │
│  Env            nethack      GPU       27ms   2%    policy            0.016  │
│  Params            4.0M      Env      882ms  92%    value             0.398  │
│  Steps             5.6M    Train       38ms   3%    entropy           0.017  │
│  SPS              34.1K      Misc       2ms   0%    total             0.055  │
│  Epoch              170      Forwa…    35ms   3%    old_kl            0.001  │
│  Uptime    0d 0h 2m 48s                             kl                0.002  │
│  Remaini…     0d 0h 46m                             clipfrac          0.025  │
│                     12s                                                      │
│                                                                              │
│  User Stats                    Value    User Stats                    Value  │
│  perf                          0.000    score                         0.000  │
│  episode_return                1.100    episode_length             4480.000  │
│  depth                         0.000    valid_moves                  11.000  │
│  illegal_actions               0.000    new_tiles                    11.000  │
╰──────────────────────────────────────────────────────────────────────────────╯

[0;0H╭──────────────────────────────────────────────────────────────────────────────╮
│  PufferLib 4.0          🐡        GPU: 3%      VRAM: 3.0/39G      RAM: 1.0G  │
│                                                                              │
│  Summary          Value    Evaluate   917ms  96%    Losses            Value  │
│  Env            nethack      GPU       27ms   2%    policy            0.019  │
│  Params            4.0M      Env      887ms  92%    value             0.385  │
│  Steps             5.6M    Train       38ms   3%    entropy           0.011  │
│  SPS              33.9K      Misc       2ms   0%    total             0.057  │
│  Epoch              171      Forwa…    35ms   3%    old_kl            0.002  │
│  Uptime    0d 0h 2m 49s                             kl                0.001  │
│  Remaini…     0d 0h 46m                             clipfrac          0.020  │
│                     26s                                                      │
│                                                                              │
│  User Stats                    Value    User Stats                    Value  │
│  perf                          0.000    score                         0.000  │
│  episode_return                1.100    episode_length             4480.000  │
│  depth                         0.000    valid_moves                  11.000  │
│  illegal_actions               0.000    new_tiles                    11.000  │
╰──────────────────────────────────────────────────────────────────────────────╯

[0;0H╭──────────────────────────────────────────────────────────────────────────────╮
│  PufferLib 4.0         🐡         GPU: 2%      VRAM: 3.0/39G      RAM: 1.0G  │
│                                                                              │
│  Summary          Value    Evaluate   0d 0h  96%    Losses            Value  │
│  Env            nethack               0m 1s         policy            0.017  │
│  Params            4.0M      GPU       27ms   2%    value             0.398  │
│  Steps             5.6M      Env      992ms  93%    entropy           0.012  │
│  SPS              30.6K    Train       38ms   3%    total             0.057  │
│  Epoch              172      Misc       2ms   0%    old_kl            0.000  │
│  Uptime    0d 0h 2m 50s      Forwa…    35ms   3%    kl                0.000  │
│  Remaini…     0d 0h 51m                             clipfrac          0.021  │
│                     24s                                                      │
│                                                                              │
│  User Stats                    Value    User Stats                    Value  │
│  perf                          0.000    score                         0.000  │
│  episode_return                1.100    episode_length             4480.000  │
│  depth                         0.000    valid_moves                  11.000  │
│  illegal_actions               0.000    new_tiles                    11.000  │
╰──────────────────────────────────────────────────────────────────────────────╯

[0;0H╭──────────────────────────────────────────────────────────────────────────────╮
│  PufferLib 4.0        🐡          GPU: 3%      VRAM: 3.0/39G      RAM: 1.0G  │
│                                                                              │
│  Summary          Value    Evaluate   919ms  96%    Losses            Value  │
│  Env            nethack      GPU       27ms   2%    policy            0.017  │
│  Params            4.0M      Env      889ms  92%    value             0.318  │
│  Steps             5.7M    Train       38ms   3%    entropy           0.014  │
│  SPS              33.8K      Misc       2ms   0%    total             0.048  │
│  Epoch              173      Forwa…    35ms   3%    old_kl            0.001  │
│  Uptime    0d 0h 2m 51s                             kl                0.000  │
│  Remaini…     0d 0h 46m                             clipfrac          0.019  │
│                     31s                                                      │
│                                                                              │
│  User Stats                    Value    User Stats                    Value  │
│  perf                          0.000    score                         0.000  │
│  episode_return                1.100    episode_length             4480.000  │
│  depth                         0.000    valid_moves                  11.000  │
│  illegal_actions               0.000    new_tiles                    11.000  │
╰──────────────────────────────────────────────────────────────────────────────╯

[0;0H╭──────────────────────────────────────────────────────────────────────────────╮
│  PufferLib 4.0       🐡           GPU: 3%      VRAM: 3.0/39G      RAM: 1.0G  │
│                                                                              │
│  Summary          Value    Evaluate   909ms  96%    Losses            Value  │
│  Env            nethack      GPU       27ms   2%    policy            0.017  │
│  Params            4.0M      Env      880ms  92%    value             0.351  │
│  Steps             5.7M    Train       38ms   3%    entropy           0.015  │
│  SPS              34.1K      Misc       2ms   0%    total             0.052  │
│  Epoch              174      Forwa…    35ms   3%    old_kl            0.001  │
│  Uptime    0d 0h 2m 52s                             kl                0.001  │
│  Remaini…  0d 0h 46m 2s                             clipfrac          0.026  │
│                                                                              │
│  User Stats                    Value    User Stats                    Value  │
│  perf                          0.000    score                         0.000  │
│  episode_return                1.100    episode_length             4480.000  │
│  depth                         0.000    valid_moves                  11.000  │
│  illegal_actions               0.000    new_tiles                    11.000  │
╰──────────────────────────────────────────────────────────────────────────────╯

[0;0H╭──────────────────────────────────────────────────────────────────────────────╮
│  PufferLib 4.0      🐡            GPU: 3%      VRAM: 3.0/39G      RAM: 1.0G  │
│                                                                              │
│  Summary          Value    Evaluate   912ms  96%    Losses            Value  │
│  Env            nethack      GPU       27ms   2%    policy            0.019  │
│  Params            4.0M      Env      882ms  92%    value             0.360  │
│  Steps             5.7M    Train       38ms   3%    entropy           0.018  │
│  SPS              34.1K      Misc       2ms   0%    total             0.054  │
│  Epoch              175      Forwa…    35ms   3%    old_kl            0.001  │
│  Uptime    0d 0h 2m 53s                             kl                0.002  │
│  Remaini…  0d 0h 46m 6s                             clipfrac          0.026  │
│                                                                              │
│  User Stats                    Value    User Stats                    Value  │
│  perf                          0.000    score                         0.000  │
│  episode_return                1.100    episode_length             4480.000  │
│  depth                         0.000    valid_moves                  11.000  │
│  illegal_actions               0.000    new_tiles                    11.000  │
╰──────────────────────────────────────────────────────────────────────────────╯

[0;0H╭──────────────────────────────────────────────────────────────────────────────╮
│  PufferLib 4.0     🐡             GPU: 3%      VRAM: 3.0/39G      RAM: 1.0G  │
│                                                                              │
│  Summary          Value    Evaluate   905ms  96%    Losses            Value  │
│  Env            nethack      GPU       27ms   2%    policy            0.020  │
│  Params            4.0M      Env      876ms  92%    value             0.404  │
│  Steps             5.8M    Train       38ms   3%    entropy           0.021  │
│  SPS              34.3K      Misc       2ms   0%    total             0.059  │
│  Epoch              176      Forwa…    35ms   3%    old_kl            0.002  │
│  Uptime    0d 0h 2m 54s                             kl                0.003  │
│  Remaini…     0d 0h 45m                             clipfrac          0.036  │
│                     47s                                                      │
│                                                                              │
│  User Stats                    Value    User Stats                    Value  │
│  perf                          0.000    score                         0.000  │
│  episode_return                1.100    episode_length             4480.000  │
│  depth                         0.000    valid_moves                  11.000  │
│  illegal_actions               0.000    new_tiles                    11.000  │
╰──────────────────────────────────────────────────────────────────────────────╯

[0;0H╭──────────────────────────────────────────────────────────────────────────────╮
│  PufferLib 4.0    🐡              GPU: 3%      VRAM: 3.0/39G      RAM: 1.0G  │
│                                                                              │
│  Summary          Value    Evaluate   910ms  96%    Losses            Value  │
│  Env            nethack      GPU       27ms   2%    policy            0.015  │
│  Params            4.0M      Env      880ms  92%    value             0.327  │
│  Steps             5.8M    Train       38ms   3%    entropy           0.026  │
│  SPS              34.1K      Misc       2ms   0%    total             0.047  │
│  Epoch              177      Forwa…    35ms   3%    old_kl            0.001  │
│  Uptime    0d 0h 2m 55s                             kl                0.001  │
│  Remaini…  0d 0h 46m 0s                             clipfrac          0.044  │
│                                                                              │
│  User Stats                    Value    User Stats                    Value  │
│  perf                          0.000    score                         0.000  │
│  episode_return                1.100    episode_length             4480.000  │
│  depth                         0.000    valid_moves                  11.000  │
│  illegal_actions               0.000    new_tiles                    11.000  │
╰──────────────────────────────────────────────────────────────────────────────╯

[0;0H╭──────────────────────────────────────────────────────────────────────────────╮
│  PufferLib 4.0   🐡               GPU: 3%      VRAM: 3.0/39G      RAM: 1.0G  │
│                                                                              │
│  Summary          Value    Evaluate   911ms  96%    Losses            Value  │
│  Env            nethack      GPU       27ms   2%    policy            0.015  │
│  Params            4.0M      Env      881ms  92%    value             0.384  │
│  Steps             5.8M    Train       38ms   3%    entropy           0.023  │
│  SPS              34.1K      Misc       2ms   0%    total             0.053  │
│  Epoch              178      Forwa…    35ms   3%    old_kl            0.001  │
│  Uptime    0d 0h 2m 56s                             kl                0.001  │
│  Remaini…  0d 0h 46m 3s                             clipfrac          0.036  │
│                                                                              │
│  User Stats                    Value    User Stats                    Value  │
│  perf                          0.000    score                         0.000  │
│  episode_return                1.100    episode_length             4480.000  │
│  depth                         0.000    valid_moves                  11.000  │
│  illegal_actions               0.000    new_tiles                    11.000  │
╰──────────────────────────────────────────────────────────────────────────────╯

[0;0H╭──────────────────────────────────────────────────────────────────────────────╮
│  PufferLib 4.0  🐡                GPU: 3%      VRAM: 3.0/39G      RAM: 1.0G  │
│                                                                              │
│  Summary          Value    Evaluate   903ms  95%    Losses            Value  │
│  Env            nethack      GPU       27ms   2%    policy            0.015  │
│  Params            4.0M      Env      874ms  92%    value             0.329  │
│  Steps             5.9M    Train       38ms   4%    entropy           0.019  │
│  SPS              34.4K      Misc       2ms   0%    total             0.048  │
│  Epoch              179      Forwa…    35ms   3%    old_kl            0.000  │
│  Uptime    0d 0h 2m 57s                             kl                0.000  │
│  Remaini…     0d 0h 45m                             clipfrac          0.025  │
│                     40s                                                      │
│                                                                              │
│  User Stats                    Value    User Stats                    Value  │
│  perf                          0.000    score                         0.000  │
│  episode_return                1.100    episode_length             4480.000  │
│  depth                         0.000    valid_moves                  11.000  │
│  illegal_actions               0.000    new_tiles                    11.000  │
╰──────────────────────────────────────────────────────────────────────────────╯

[0;0H╭──────────────────────────────────────────────────────────────────────────────╮
│  PufferLib 4.0 🐡                 GPU: 3%      VRAM: 3.0/39G      RAM: 1.0G  │
│                                                                              │
│  Summary          Value    Evaluate   909ms  96%    Losses            Value  │
│  Env            nethack      GPU       27ms   2%    policy            0.015  │
│  Params            4.0M      Env      880ms  92%    value             0.357  │
│  Steps             5.9M    Train       38ms   3%    entropy           0.027  │
│  SPS              34.1K      Misc       2ms   0%    total             0.051  │
│  Epoch              180      Forwa…    35ms   3%    old_kl            0.001  │
│  Uptime    0d 0h 2m 58s                             kl                0.002  │
│  Remaini…     0d 0h 45m                             clipfrac          0.039  │
│                     55s                                                      │
│                                                                              │
│  User Stats                    Value    User Stats                    Value  │
│  perf                          0.000    score                         0.000  │
│  episode_return                1.100    episode_length             4480.000  │
│  depth                         0.000    valid_moves                  11.000  │
│  illegal_actions               0.000    new_tiles                    11.000  │
╰──────────────────────────────────────────────────────────────────────────────╯

[0;0H╭──────────────────────────────────────────────────────────────────────────────╮
│  PufferLib 4.0          🐡        GPU: 3%      VRAM: 3.0/39G      RAM: 1.0G  │
│                                                                              │
│  Summary          Value    Evaluate   911ms  96%    Losses            Value  │
│  Env            nethack      GPU       27ms   2%    policy            0.022  │
│  Params            4.0M      Env      881ms  92%    value             0.291  │
│  Steps             5.9M    Train       38ms   3%    entropy           0.021  │
│  SPS              34.1K      Misc       2ms   0%    total             0.051  │
│  Epoch              181      Forwa…    35ms   3%    old_kl            0.002  │
│  Uptime    0d 0h 2m 59s                             kl                0.002  │
│  Remaini…     0d 0h 45m                             clipfrac          0.047  │
│                     58s                                                      │
│                                                                              │
│  User Stats                    Value    User Stats                    Value  │
│  perf                          0.000    score                         0.000  │
│  episode_return                1.100    episode_length             4480.000  │
│  depth                         0.000    valid_moves                  11.000  │
│  illegal_actions               0.000    new_tiles                    11.000  │
╰──────────────────────────────────────────────────────────────────────────────╯

[0;0H╭──────────────────────────────────────────────────────────────────────────────╮
│  PufferLib 4.0         🐡         GPU: 3%      VRAM: 3.0/39G      RAM: 1.0G  │
│                                                                              │
│  Summary          Value    Evaluate   915ms  96%    Losses            Value  │
│  Env            nethack      GPU       27ms   2%    policy            0.016  │
│  Params            4.0M      Env      886ms  92%    value             0.341  │
│  Steps             6.0M    Train       38ms   3%    entropy           0.014  │
│  SPS              33.9K      Misc       2ms   0%    total             0.050  │
│  Epoch              182      Forwa…    35ms   3%    old_kl            0.001  │
│  Uptime     0d 0h 3m 0s                             kl                0.001  │
│  Remaini…     0d 0h 46m                             clipfrac          0.024  │
│                     12s                                                      │
│                                                                              │
│  User Stats                    Value    User Stats                    Value  │
│  perf                          0.000    score                         0.000  │
│  episode_return                1.100    episode_length             4480.000  │
│  depth                         0.000    valid_moves                  11.000  │
│  illegal_actions               0.000    new_tiles                    11.000  │
╰──────────────────────────────────────────────────────────────────────────────╯

[0;0H╭──────────────────────────────────────────────────────────────────────────────╮
│  PufferLib 4.0        🐡          GPU: 3%      VRAM: 3.0/39G      RAM: 1.0G  │
│                                                                              │
│  Summary          Value    Evaluate   911ms  96%    Losses            Value  │
│  Env            nethack      GPU       27ms   2%    policy            0.017  │
│  Params            4.0M      Env      881ms  92%    value             0.345  │
│  Steps             6.0M    Train       38ms   3%    entropy           0.013  │
│  SPS              34.1K      Misc       2ms   0%    total             0.052  │
│  Epoch              183      Forwa…    35ms   3%    old_kl            0.001  │
│  Uptime     0d 0h 3m 1s                             kl                0.000  │
│  Remaini…     0d 0h 45m                             clipfrac          0.019  │
│                     56s                                                      │
│                                                                              │
│  User Stats                    Value    User Stats                    Value  │
│  perf                          0.000    score                         0.000  │
│  episode_return                1.100    episode_length             4480.000  │
│  depth                         0.000    valid_moves                  11.000  │
│  illegal_actions               0.000    new_tiles                    11.000  │
╰──────────────────────────────────────────────────────────────────────────────╯

[0;0H╭──────────────────────────────────────────────────────────────────────────────╮
│  PufferLib 4.0       🐡           GPU: 3%      VRAM: 3.0/39G      RAM: 1.0G  │
│                                                                              │
│  Summary          Value    Evaluate   911ms  96%    Losses            Value  │
│  Env            nethack      GPU       27ms   2%    policy            0.016  │
│  Params            4.0M      Env      882ms  92%    value             0.324  │
│  Steps             6.0M    Train       38ms   3%    entropy           0.009  │
│  SPS              34.1K      Misc       2ms   0%    total             0.048  │
│  Epoch              184      Forwa…    35ms   3%    old_kl            0.000  │
│  Uptime     0d 0h 3m 1s                             kl                0.000  │
│  Remaini…     0d 0h 45m                             clipfrac          0.011  │
│                     57s                                                      │
│                                                                              │
│  User Stats                    Value    User Stats                    Value  │
│  perf                          0.000    score                         0.000  │
│  episode_return                1.100    episode_length             4480.000  │
│  depth                         0.000    valid_moves                  11.000  │
│  illegal_actions               0.000    new_tiles                    11.000  │
╰──────────────────────────────────────────────────────────────────────────────╯

[0;0H╭──────────────────────────────────────────────────────────────────────────────╮
│  PufferLib 4.0      🐡            GPU: 3%      VRAM: 3.0/39G      RAM: 1.0G  │
│                                                                              │
│  Summary          Value    Evaluate   905ms  96%    Losses            Value  │
│  Env            nethack      GPU       27ms   2%    policy            0.019  │
│  Params            4.0M      Env      875ms  92%    value             0.304  │
│  Steps             6.1M    Train       38ms   3%    entropy           0.010  │
│  SPS              34.3K      Misc       2ms   0%    total             0.049  │
│  Epoch              185      Forwa…    35ms   3%    old_kl            0.000  │
│  Uptime     0d 0h 3m 2s                             kl                0.000  │
│  Remaini…     0d 0h 45m                             clipfrac          0.016  │
│                     34s                                                      │
│                                                                              │
│  User Stats                    Value    User Stats                    Value  │
│  perf                          0.000    score                         0.000  │
│  episode_return                1.100    episode_length             4480.000  │
│  depth                         0.000    valid_moves                  11.000  │
│  illegal_actions               0.000    new_tiles                    11.000  │
╰──────────────────────────────────────────────────────────────────────────────╯

[0;0H╭──────────────────────────────────────────────────────────────────────────────╮
│  PufferLib 4.0     🐡             GPU: 3%      VRAM: 3.0/39G      RAM: 1.0G  │
│                                                                              │
│  Summary          Value    Evaluate   910ms  96%    Losses            Value  │
│  Env            nethack      GPU       27ms   2%    policy            0.018  │
│  Params            4.0M      Env      880ms  92%    value             0.311  │
│  Steps             6.1M    Train       38ms   3%    entropy           0.006  │
│  SPS              34.2K      Misc       2ms   0%    total             0.049  │
│  Epoch              186      Forwa…    35ms   3%    old_kl            0.000  │
│  Uptime     0d 0h 3m 3s                             kl                0.000  │
│  Remaini…     0d 0h 45m                             clipfrac          0.009  │
│                     49s                                                      │
│                                                                              │
│  User Stats                    Value    User Stats                    Value  │
│  perf                          0.000    score                         0.000  │
│  episode_return                1.100    episode_length             4480.000  │
│  depth                         0.000    valid_moves                  11.000  │
│  illegal_actions               0.000    new_tiles                    11.000  │
╰──────────────────────────────────────────────────────────────────────────────╯

[0;0H╭──────────────────────────────────────────────────────────────────────────────╮
│  PufferLib 4.0    🐡              GPU: 3%      VRAM: 3.0/39G      RAM: 1.0G  │
│                                                                              │
│  Summary          Value    Evaluate   901ms  95%    Losses            Value  │
│  Env            nethack      GPU       27ms   2%    policy            0.020  │
│  Params            4.0M      Env      872ms  92%    value             0.329  │
│  Steps             6.1M    Train       38ms   4%    entropy           0.007  │
│  SPS              34.5K      Misc       2ms   0%    total             0.053  │
│  Epoch              187      Forwa…    35ms   3%    old_kl            0.000  │
│  Uptime     0d 0h 3m 4s                             kl                0.000  │
│  Remaini…     0d 0h 45m                             clipfrac          0.011  │
│                     24s                                                      │
│                                                                              │
│  User Stats                    Value    User Stats                    Value  │
│  perf                          0.000    score                         0.000  │
│  episode_return                1.100    episode_length             4480.000  │
│  depth                         0.000    valid_moves                  11.000  │
│  illegal_actions               0.000    new_tiles                    11.000  │
╰──────────────────────────────────────────────────────────────────────────────╯

[0;0H╭──────────────────────────────────────────────────────────────────────────────╮
│  PufferLib 4.0   🐡               GPU: 3%      VRAM: 3.0/39G      RAM: 1.0G  │
│                                                                              │
│  Summary          Value    Evaluate   911ms  96%    Losses            Value  │
│  Env            nethack      GPU       27ms   2%    policy            0.014  │
│  Params            4.0M      Env      882ms  92%    value             0.322  │
│  Steps             6.2M    Train       38ms   3%    entropy           0.008  │
│  SPS              34.1K      Misc       2ms   0%    total             0.046  │
│  Epoch              188      Forwa…    35ms   3%    old_kl            0.001  │
│  Uptime     0d 0h 3m 5s                             kl                0.000  │
│  Remaini…     0d 0h 45m                             clipfrac          0.011  │
│                     53s                                                      │
│                                                                              │
│  User Stats                    Value    User Stats                    Value  │
│  perf                          0.000    score                         0.000  │
│  episode_return                1.100    episode_length             4480.000  │
│  depth                         0.000    valid_moves                  11.000  │
│  illegal_actions               0.000    new_tiles                    11.000  │
╰──────────────────────────────────────────────────────────────────────────────╯

[0;0H╭──────────────────────────────────────────────────────────────────────────────╮
│  PufferLib 4.0  🐡                GPU: 3%      VRAM: 3.0/39G      RAM: 1.0G  │
│                                                                              │
│  Summary          Value    Evaluate   896ms  95%    Losses            Value  │
│  Env            nethack      GPU       27ms   2%    policy            0.026  │
│  Params            4.0M      Env      867ms  92%    value             0.322  │
│  Steps             6.2M    Train       38ms   4%    entropy           0.011  │
│  SPS              34.6K      Misc       2ms   0%    total             0.058  │
│  Epoch              189      Forwa…    35ms   3%    old_kl            0.003  │
│  Uptime     0d 0h 3m 6s                             kl                0.004  │
│  Remaini…  0d 0h 45m 8s                             clipfrac          0.015  │
│                                                                              │
│  User Stats                    Value    User Stats                    Value  │
│  perf                          0.000    score                         0.000  │
│  episode_return                1.100    episode_length             4480.000  │
│  depth                         0.000    valid_moves                  11.000  │
│  illegal_actions               0.000    new_tiles                    11.000  │
╰──────────────────────────────────────────────────────────────────────────────╯

[0;0H╭──────────────────────────────────────────────────────────────────────────────╮
│  PufferLib 4.0 🐡                 GPU: 3%      VRAM: 3.0/39G      RAM: 1.0G  │
│                                                                              │
│  Summary          Value    Evaluate   901ms  95%    Losses            Value  │
│  Env            nethack      GPU       27ms   2%    policy            0.017  │
│  Params            4.0M      Env      872ms  92%    value             0.356  │
│  Steps             6.2M    Train       38ms   4%    entropy           0.008  │
│  SPS              34.4K      Misc       2ms   0%    total             0.052  │
│  Epoch              190      Forwa…    35ms   3%    old_kl            0.001  │
│  Uptime     0d 0h 3m 7s                             kl                0.000  │
│  Remaini…     0d 0h 45m                             clipfrac          0.012  │
│                     22s                                                      │
│                                                                              │
│  User Stats                    Value    User Stats                    Value  │
│  perf                          0.000    score                         0.000  │
│  episode_return                1.100    episode_length             4480.000  │
│  depth                         0.000    valid_moves                  11.000  │
│  illegal_actions               0.000    new_tiles                    11.000  │
╰──────────────────────────────────────────────────────────────────────────────╯

[0;0H╭──────────────────────────────────────────────────────────────────────────────╮
│  PufferLib 4.0          🐡        GPU: 3%      VRAM: 3.0/39G      RAM: 1.0G  │
│                                                                              │
│  Summary          Value    Evaluate   903ms  95%    Losses            Value  │
│  Env            nethack      GPU       27ms   2%    policy            0.014  │
│  Params            4.0M      Env      874ms  92%    value             0.344  │
│  Steps             6.3M    Train       38ms   4%    entropy           0.013  │
│  SPS              34.4K      Misc       2ms   0%    total             0.048  │
│  Epoch              191      Forwa…    35ms   3%    old_kl            0.002  │
│  Uptime     0d 0h 3m 8s                             kl                0.002  │
│  Remaini…     0d 0h 45m                             clipfrac          0.023  │
│                     27s                                                      │
│                                                                              │
│  User Stats                    Value    User Stats                    Value  │
│  perf                          0.000    score                         0.000  │
│  episode_return                1.100    episode_length             4480.000  │
│  depth                         0.000    valid_moves                  11.000  │
│  illegal_actions               0.000    new_tiles                    11.000  │
╰──────────────────────────────────────────────────────────────────────────────╯

[0;0H╭──────────────────────────────────────────────────────────────────────────────╮
│  PufferLib 4.0         🐡         GPU: 3%      VRAM: 3.0/39G      RAM: 1.0G  │
│                                                                              │
│  Summary          Value    Evaluate   907ms  96%    Losses            Value  │
│  Env            nethack      GPU       27ms   2%    policy            0.013  │
│  Params            4.0M      Env      877ms  92%    value             0.304  │
│  Steps             6.3M    Train       38ms   3%    entropy           0.008  │
│  SPS              34.2K      Misc       2ms   0%    total             0.044  │
│  Epoch              192      Forwa…    35ms   3%    old_kl            0.000  │
│  Uptime     0d 0h 3m 9s                             kl                0.000  │
│  Remaini…     0d 0h 45m                             clipfrac          0.010  │
│                     36s                                                      │
│                                                                              │
│  User Stats                    Value    User Stats                    Value  │
│  perf                          0.000    score                         0.000  │
│  episode_return                1.100    episode_length             4480.000  │
│  depth                         0.000    valid_moves                  11.000  │
│  illegal_actions               0.000    new_tiles                    11.000  │
╰──────────────────────────────────────────────────────────────────────────────╯

[0;0H╭──────────────────────────────────────────────────────────────────────────────╮
│  PufferLib 4.0        🐡          GPU: 3%      VRAM: 3.0/39G      RAM: 1.0G  │
│                                                                              │
│  Summary          Value    Evaluate   904ms  95%    Losses            Value  │
│  Env            nethack      GPU       27ms   2%    policy            0.016  │
│  Params            4.0M      Env      875ms  92%    value             0.307  │
│  Steps             6.3M    Train       38ms   4%    entropy           0.010  │
│  SPS              34.3K      Misc       2ms   0%    total             0.047  │
│  Epoch              193      Forwa…    35ms   3%    old_kl            0.001  │
│  Uptime    0d 0h 3m 10s                             kl                0.000  │
│  Remaini…     0d 0h 45m                             clipfrac          0.012  │
│                     29s                                                      │
│                                                                              │
│  User Stats                    Value    User Stats                    Value  │
│  perf                          0.000    score                         0.000  │
│  episode_return                1.100    episode_length             4480.000  │
│  depth                         0.000    valid_moves                  11.000  │
│  illegal_actions               0.000    new_tiles                    11.000  │
╰──────────────────────────────────────────────────────────────────────────────╯

[0;0H╭──────────────────────────────────────────────────────────────────────────────╮
│  PufferLib 4.0       🐡           GPU: 3%      VRAM: 3.0/39G      RAM: 1.0G  │
│                                                                              │
│  Summary          Value    Evaluate   906ms  96%    Losses            Value  │
│  Env            nethack      GPU       27ms   2%    policy            0.013  │
│  Params            4.0M      Env      877ms  92%    value             0.351  │
│  Steps             6.4M    Train       38ms   3%    entropy           0.009  │
│  SPS              34.2K      Misc       2ms   0%    total             0.048  │
│  Epoch              194      Forwa…    35ms   3%    old_kl            0.000  │
│  Uptime    0d 0h 3m 11s                             kl                0.000  │
│  Remaini…     0d 0h 45m                             clipfrac          0.012  │
│                     34s                                                      │
│                                                                              │
│  User Stats                    Value    User Stats                    Value  │
│  perf                          0.000    score                         0.000  │
│  episode_return                1.100    episode_length             4480.000  │
│  depth                         0.000    valid_moves                  11.000  │
│  illegal_actions               0.000    new_tiles                    11.000  │
╰──────────────────────────────────────────────────────────────────────────────╯

[0;0H╭──────────────────────────────────────────────────────────────────────────────╮
│  PufferLib 4.0      🐡            GPU: 3%      VRAM: 3.0/39G      RAM: 1.0G  │
│                                                                              │
│  Summary          Value    Evaluate   909ms  96%    Losses            Value  │
│  Env            nethack      GPU       27ms   2%    policy            0.014  │
│  Params            4.0M      Env      879ms  92%    value             0.301  │
│  Steps             6.4M    Train       38ms   3%    entropy           0.010  │
│  SPS              34.2K      Misc       2ms   0%    total             0.044  │
│  Epoch              195      Forwa…    35ms   3%    old_kl            0.003  │
│  Uptime    0d 0h 3m 12s                             kl                0.003  │
│  Remaini…     0d 0h 45m                             clipfrac          0.019  │
│                     39s                                                      │
│                                                                              │
│  User Stats                    Value    User Stats                    Value  │
│  perf                          0.000    score                         0.000  │
│  episode_return                1.100    episode_length             4480.000  │
│  depth                         0.000    valid_moves                  11.000  │
│  illegal_actions               0.000    new_tiles                    11.000  │
╰──────────────────────────────────────────────────────────────────────────────╯

[0;0H╭──────────────────────────────────────────────────────────────────────────────╮
│  PufferLib 4.0     🐡             GPU: 3%      VRAM: 3.0/39G      RAM: 1.0G  │
│                                                                              │
│  Summary          Value    Evaluate   905ms  95%    Losses            Value  │
│  Env            nethack      GPU       27ms   2%    policy            0.025  │
│  Params            4.0M      Env      875ms  92%    value             0.359  │
│  Steps             6.4M    Train       38ms   4%    entropy           0.005  │
│  SPS              34.3K      Misc       2ms   0%    total             0.061  │
│  Epoch              196      Forwa…    35ms   3%    old_kl            0.000  │
│  Uptime    0d 0h 3m 13s                             kl                0.000  │
│  Remaini…     0d 0h 45m                             clipfrac          0.007  │
│                     27s                                                      │
│                                                                              │
│  User Stats                    Value    User Stats                    Value  │
│  perf                          0.000    score                         0.000  │
│  episode_return                1.100    episode_length             4480.000  │
│  depth                         0.000    valid_moves                  11.000  │
│  illegal_actions               0.000    new_tiles                    11.000  │
╰──────────────────────────────────────────────────────────────────────────────╯

[0;0H╭──────────────────────────────────────────────────────────────────────────────╮
│  PufferLib 4.0    🐡              GPU: 3%      VRAM: 3.0/39G      RAM: 1.0G  │
│                                                                              │
│  Summary          Value    Evaluate   913ms  96%    Losses            Value  │
│  Env            nethack      GPU       27ms   2%    policy            0.017  │
│  Params            4.0M      Env      883ms  92%    value             0.360  │
│  Steps             6.5M    Train       38ms   3%    entropy           0.008  │
│  SPS              34.0K      Misc       2ms   0%    total             0.053  │
│  Epoch              197      Forwa…    35ms   3%    old_kl            0.002  │
│  Uptime    0d 0h 3m 14s                             kl                0.002  │
│  Remaini…     0d 0h 45m                             clipfrac          0.014  │
│                     48s                                                      │
│                                                                              │
│  User Stats                    Value    User Stats                    Value  │
│  perf                          0.000    score                         0.000  │
│  episode_return                1.100    episode_length             4480.000  │
│  depth                         0.000    valid_moves                  11.000  │
│  illegal_actions               0.000    new_tiles                    11.000  │
╰──────────────────────────────────────────────────────────────────────────────╯

[0;0H╭──────────────────────────────────────────────────────────────────────────────╮
│  PufferLib 4.0   🐡              GPU: 14%      VRAM: 3.0/39G      RAM: 1.0G  │
│                                                                              │
│  Summary          Value    Evaluate   910ms  96%    Losses            Value  │
│  Env            nethack      GPU       27ms   2%    policy            0.018  │
│  Params            4.0M      Env      880ms  92%    value             0.348  │
│  Steps             6.5M    Train       38ms   3%    entropy           0.011  │
│  SPS              34.1K      Misc       2ms   0%    total             0.053  │
│  Epoch              198      Forwa…    35ms   3%    old_kl            0.003  │
│  Uptime    0d 0h 3m 15s                             kl                0.003  │
│  Remaini…     0d 0h 45m                             clipfrac          0.015  │
│                     39s                                                      │
│                                                                              │
│  User Stats                    Value    User Stats                    Value  │
│  perf                          0.000    score                         0.000  │
│  episode_return                1.100    episode_length             4480.000  │
│  depth                         0.000    valid_moves                  11.000  │
│  illegal_actions               0.000    new_tiles                    11.000  │
╰──────────────────────────────────────────────────────────────────────────────╯

[0;0H╭──────────────────────────────────────────────────────────────────────────────╮
│  PufferLib 4.0  🐡                GPU: 3%      VRAM: 3.0/39G      RAM: 1.0G  │
│                                                                              │
│  Summary          Value    Evaluate   918ms  96%    Losses            Value  │
│  Env            nethack      GPU       27ms   2%    policy            0.014  │
│  Params            4.0M      Env      889ms  92%    value             0.357  │
│  Steps             6.5M    Train       38ms   3%    entropy           0.003  │
│  SPS              33.8K      Misc       2ms   0%    total             0.050  │
│  Epoch              199      Forwa…    35ms   3%    old_kl            0.000  │
│  Uptime    0d 0h 3m 16s                             kl                0.000  │
│  Remaini…  0d 0h 46m 2s                             clipfrac          0.004  │
│                                                                              │
│  User Stats                    Value    User Stats                    Value  │
│  perf                          0.000    score                         0.000  │
│  episode_return                1.100    episode_length             4480.000  │
│  depth                         0.000    valid_moves                  11.000  │
│  illegal_actions               0.000    new_tiles                    11.000  │
╰──────────────────────────────────────────────────────────────────────────────╯

[0;0H╭──────────────────────────────────────────────────────────────────────────────╮
│  PufferLib 4.0 🐡                 GPU: 3%      VRAM: 3.0/39G      RAM: 1.0G  │
│                                                                              │
│  Summary          Value    Evaluate   927ms  96%    Losses            Value  │
│  Env            nethack      GPU       27ms   2%    policy            0.018  │
│  Params            4.0M      Env      897ms  93%    value             0.336  │
│  Steps             6.6M    Train       38ms   3%    entropy           0.004  │
│  SPS              33.5K      Misc       2ms   0%    total             0.052  │
│  Epoch              200      Forwa…    35ms   3%    old_kl            0.000  │
│  Uptime    0d 0h 3m 17s                             kl                0.000  │
│  Remaini…     0d 0h 46m                             clipfrac          0.004  │
│                     26s                                                      │
│                                                                              │
│  User Stats                    Value    User Stats                    Value  │
│  perf                          0.000    score                         0.000  │
│  episode_return                1.100    episode_length             4480.000  │
│  depth                         0.000    valid_moves                  11.000  │
│  illegal_actions               0.000    new_tiles                    11.000  │
╰──────────────────────────────────────────────────────────────────────────────╯

[0;0H╭──────────────────────────────────────────────────────────────────────────────╮
│  PufferLib 4.0          🐡        GPU: 3%      VRAM: 3.0/39G      RAM: 1.0G  │
│                                                                              │
│  Summary          Value    Evaluate   905ms  96%    Losses            Value  │
│  Env            nethack      GPU       27ms   2%    policy            0.015  │
│  Params            4.0M      Env      876ms  92%    value             0.349  │
│  Steps             6.6M    Train       38ms   3%    entropy           0.009  │
│  SPS              34.3K      Misc       2ms   0%    total             0.049  │
│  Epoch              201      Forwa…    35ms   3%    old_kl            0.000  │
│  Uptime    0d 0h 3m 18s                             kl                0.000  │
│  Remaini…     0d 0h 45m                             clipfrac          0.013  │
│                     24s                                                      │
│                                                                              │
│  User Stats                    Value    User Stats                    Value  │
│  perf                          0.000    score                         0.000  │
│  episode_return                1.100    episode_length             4480.000  │
│  depth                         0.000    valid_moves                  11.000  │
│  illegal_actions               0.000    new_tiles                    11.000  │
╰──────────────────────────────────────────────────────────────────────────────╯

[0;0H╭──────────────────────────────────────────────────────────────────────────────╮
│  PufferLib 4.0         🐡         GPU: 3%      VRAM: 3.0/39G      RAM: 1.0G  │
│                                                                              │
│  Summary          Value    Evaluate   916ms  96%    Losses            Value  │
│  Env            nethack      GPU       27ms   2%    policy            0.017  │
│  Params            4.0M      Env      886ms  92%    value             0.386  │
│  Steps             6.6M    Train       38ms   3%    entropy           0.006  │
│  SPS              33.9K      Misc       2ms   0%    total             0.055  │
│  Epoch              202      Forwa…    35ms   3%    old_kl            0.002  │
│  Uptime    0d 0h 3m 19s                             kl                0.002  │
│  Remaini…     0d 0h 45m                             clipfrac          0.008  │
│                     53s                                                      │
│                                                                              │
│  User Stats                    Value    User Stats                    Value  │
│  perf                          0.000    score                         0.000  │
│  episode_return                1.100    episode_length             4480.000  │
│  depth                         0.000    valid_moves                  11.000  │
│  illegal_actions               0.000    new_tiles                    11.000  │
╰──────────────────────────────────────────────────────────────────────────────╯

[0;0H╭──────────────────────────────────────────────────────────────────────────────╮
│  PufferLib 4.0        🐡          GPU: 3%      VRAM: 3.0/39G      RAM: 1.0G  │
│                                                                              │
│  Summary          Value    Evaluate   903ms  95%    Losses            Value  │
│  Env            nethack      GPU       27ms   2%    policy            0.013  │
│  Params            4.0M      Env      873ms  92%    value             0.352  │
│  Steps             6.7M    Train       38ms   4%    entropy           0.005  │
│  SPS              34.4K      Misc       2ms   0%    total             0.048  │
│  Epoch              203      Forwa…    35ms   3%    old_kl            0.000  │
│  Uptime    0d 0h 3m 20s                             kl                0.000  │
│  Remaini…     0d 0h 45m                             clipfrac          0.008  │
│                     14s                                                      │
│                                                                              │
│  User Stats                    Value    User Stats                    Value  │
│  perf                          0.000    score                         0.000  │
│  episode_return                1.100    episode_length             4480.000  │
│  depth                         0.000    valid_moves                  11.000  │
│  illegal_actions               0.000    new_tiles                    11.000  │
╰──────────────────────────────────────────────────────────────────────────────╯

[0;0H╭──────────────────────────────────────────────────────────────────────────────╮
│  PufferLib 4.0       🐡           GPU: 3%      VRAM: 3.0/39G      RAM: 1.0G  │
│                                                                              │
│  Summary          Value    Evaluate   908ms  96%    Losses            Value  │
│  Env            nethack      GPU       27ms   2%    policy            0.015  │
│  Params            4.0M      Env      878ms  92%    value             0.373  │
│  Steps             6.7M    Train       38ms   3%    entropy           0.003  │
│  SPS              34.2K      Misc       2ms   0%    total             0.053  │
│  Epoch              204      Forwa…    35ms   3%    old_kl            0.001  │
│  Uptime    0d 0h 3m 21s                             kl                0.001  │
│  Remaini…     0d 0h 45m                             clipfrac          0.007  │
│                     27s                                                      │
│                                                                              │
│  User Stats                    Value    User Stats                    Value  │
│  perf                          0.000    score                         0.000  │
│  episode_return                1.100    episode_length             4480.000  │
│  depth                         0.000    valid_moves                  11.000  │
│  illegal_actions               0.000    new_tiles                    11.000  │
╰──────────────────────────────────────────────────────────────────────────────╯

[0;0H╭──────────────────────────────────────────────────────────────────────────────╮
│  PufferLib 4.0      🐡            GPU: 3%      VRAM: 3.0/39G      RAM: 1.0G  │
│                                                                              │
│  Summary          Value    Evaluate   900ms  95%    Losses            Value  │
│  Env            nethack      GPU       27ms   2%    policy            0.014  │
│  Params            4.0M      Env      870ms  92%    value             0.312  │
│  Steps             6.7M    Train       38ms   4%    entropy           0.003  │
│  SPS              34.5K      Misc       2ms   0%    total             0.045  │
│  Epoch              205      Forwa…    35ms   3%    old_kl           -0.000  │
│  Uptime    0d 0h 3m 22s                             kl                0.000  │
│  Remaini…  0d 0h 45m 5s                             clipfrac          0.003  │
│                                                                              │
│  User Stats                    Value    User Stats                    Value  │
│  perf                          0.000    score                         0.000  │
│  episode_return                1.100    episode_length             4480.000  │
│  depth                         0.000    valid_moves                  11.000  │
│  illegal_actions               0.000    new_tiles                    11.000  │
╰──────────────────────────────────────────────────────────────────────────────╯

[0;0H╭──────────────────────────────────────────────────────────────────────────────╮
│  PufferLib 4.0     🐡             GPU: 3%      VRAM: 3.0/39G      RAM: 1.0G  │
│                                                                              │
│  Summary          Value    Evaluate   894ms  95%    Losses            Value  │
│  Env            nethack      GPU       27ms   2%    policy            0.012  │
│  Params            4.0M      Env      865ms  92%    value             0.313  │
│  Steps             6.8M    Train       38ms   4%    entropy           0.005  │
│  SPS              34.7K      Misc       2ms   0%    total             0.044  │
│  Epoch              206      Forwa…    36ms   3%    old_kl            0.000  │
│  Uptime    0d 0h 3m 23s                             kl                0.000  │
│  Remaini…     0d 0h 44m                             clipfrac          0.009  │
│                     47s                                                      │
│                                                                              │
│  User Stats                    Value    User Stats                    Value  │
│  perf                          0.000    score                         0.000  │
│  episode_return                1.100    episode_length             4480.000  │
│  depth                         0.000    valid_moves                  11.000  │
│  illegal_actions               0.000    new_tiles                    11.000  │
╰──────────────────────────────────────────────────────────────────────────────╯

[0;0H╭──────────────────────────────────────────────────────────────────────────────╮
│  PufferLib 4.0    🐡              GPU: 3%      VRAM: 3.0/39G      RAM: 1.0G  │
│                                                                              │
│  Summary          Value    Evaluate   901ms  95%    Losses            Value  │
│  Env            nethack      GPU       27ms   2%    policy            0.014  │
│  Params            4.0M      Env      872ms  92%    value             0.331  │
│  Steps             6.8M    Train       38ms   4%    entropy           0.006  │
│  SPS              34.4K      Misc       2ms   0%    total             0.047  │
│  Epoch              207      Forwa…    35ms   3%    old_kl            0.002  │
│  Uptime    0d 0h 3m 23s                             kl                0.003  │
│  Remaini…  0d 0h 45m 7s                             clipfrac          0.007  │
│                                                                              │
│  User Stats                    Value    User Stats                    Value  │
│  perf                          0.000    score                         0.000  │
│  episode_return                1.100    episode_length             4480.000  │
│  depth                         0.000    valid_moves                  11.000  │
│  illegal_actions               0.000    new_tiles                    11.000  │
╰──────────────────────────────────────────────────────────────────────────────╯

[0;0H╭──────────────────────────────────────────────────────────────────────────────╮
│  PufferLib 4.0   🐡               GPU: 3%      VRAM: 3.0/39G      RAM: 1.0G  │
│                                                                              │
│  Summary          Value    Evaluate   905ms  96%    Losses            Value  │
│  Env            nethack      GPU       27ms   2%    policy            0.014  │
│  Params            4.0M      Env      876ms  92%    value             0.340  │
│  Steps             6.8M    Train       38ms   3%    entropy           0.004  │
│  SPS              34.3K      Misc       2ms   0%    total             0.048  │
│  Epoch              208      Forwa…    35ms   3%    old_kl            0.000  │
│  Uptime    0d 0h 3m 24s                             kl                0.000  │
│  Remaini…     0d 0h 45m                             clipfrac          0.007  │
│                     15s                                                      │
│                                                                              │
│  User Stats                    Value    User Stats                    Value  │
│  perf                          0.000    score                         0.000  │
│  episode_return                1.100    episode_length             4480.000  │
│  depth                         0.000    valid_moves                  11.000  │
│  illegal_actions               0.000    new_tiles                    11.000  │
╰──────────────────────────────────────────────────────────────────────────────╯

[0;0H╭──────────────────────────────────────────────────────────────────────────────╮
│  PufferLib 4.0  🐡                GPU: 3%      VRAM: 3.0/39G      RAM: 1.0G  │
│                                                                              │
│  Summary          Value    Evaluate   902ms  95%    Losses            Value  │
│  Env            nethack      GPU       27ms   2%    policy            0.013  │
│  Params            4.0M      Env      872ms  92%    value             0.345  │
│  Steps             6.8M    Train       38ms   4%    entropy           0.005  │
│  SPS              34.4K      Misc       2ms   0%    total             0.048  │
│  Epoch              209      Forwa…    35ms   3%    old_kl            0.000  │
│  Uptime    0d 0h 3m 25s                             kl                0.000  │
│  Remaini…  0d 0h 45m 6s                             clipfrac          0.007  │
│                                                                              │
│  User Stats                    Value    User Stats                    Value  │
│  perf                          0.000    score                         0.000  │
│  episode_return                1.100    episode_length             4480.000  │
│  depth                         0.000    valid_moves                  11.000  │
│  illegal_actions               0.000    new_tiles                    11.000  │
╰──────────────────────────────────────────────────────────────────────────────╯

[0;0H╭──────────────────────────────────────────────────────────────────────────────╮
│  PufferLib 4.0 🐡                 GPU: 3%      VRAM: 3.0/39G      RAM: 1.0G  │
│                                                                              │
│  Summary          Value    Evaluate   901ms  95%    Losses            Value  │
│  Env            nethack      GPU       27ms   2%    policy            0.017  │
│  Params            4.0M      Env      872ms  92%    value             0.353  │
│  Steps             6.9M    Train       38ms   4%    entropy           0.003  │
│  SPS              34.4K      Misc       2ms   0%    total             0.052  │
│  Epoch              210      Forwa…    35ms   3%    old_kl            0.000  │
│  Uptime    0d 0h 3m 26s                             kl                0.000  │
│  Remaini…  0d 0h 45m 3s                             clipfrac          0.003  │
│                                                                              │
│  User Stats                    Value    User Stats                    Value  │
│  perf                          0.000    score                         0.000  │
│  episode_return                1.100    episode_length             4480.000  │
│  depth                         0.000    valid_moves                  11.000  │
│  illegal_actions               0.000    new_tiles                    11.000  │
╰──────────────────────────────────────────────────────────────────────────────╯

[0;0H╭──────────────────────────────────────────────────────────────────────────────╮
│  PufferLib 4.0          🐡        GPU: 3%      VRAM: 3.0/39G      RAM: 1.0G  │
│                                                                              │
│  Summary          Value    Evaluate   900ms  95%    Losses            Value  │
│  Env            nethack      GPU       27ms   2%    policy            0.015  │
│  Params            4.0M      Env      871ms  92%    value             0.333  │
│  Steps             6.9M    Train       38ms   4%    entropy           0.005  │
│  SPS              34.5K      Misc       2ms   0%    total             0.048  │
│  Epoch              211      Forwa…    36ms   3%    old_kl            0.000  │
│  Uptime    0d 0h 3m 27s                             kl                0.000  │
│  Remaini…  0d 0h 45m 0s                             clipfrac          0.004  │
│                                                                              │
│  User Stats                    Value    User Stats                    Value  │
│  perf                          0.000    score                         0.000  │
│  episode_return                1.100    episode_length             4480.000  │
│  depth                         0.000    valid_moves                  11.000  │
│  illegal_actions               0.000    new_tiles                    11.000  │
╰──────────────────────────────────────────────────────────────────────────────╯

[0;0H╭──────────────────────────────────────────────────────────────────────────────╮
│  PufferLib 4.0         🐡         GPU: 3%      VRAM: 3.0/39G      RAM: 1.0G  │
│                                                                              │
│  Summary          Value    Evaluate   898ms  95%    Losses            Value  │
│  Env            nethack      GPU       27ms   2%    policy            0.016  │
│  Params            4.0M      Env      868ms  92%    value             0.329  │
│  Steps             6.9M    Train       38ms   4%    entropy           0.006  │
│  SPS              34.6K      Misc       2ms   0%    total             0.049  │
│  Epoch              212      Forwa…    35ms   3%    old_kl            0.001  │
│  Uptime    0d 0h 3m 28s                             kl                0.001  │
│  Remaini…     0d 0h 44m                             clipfrac          0.011  │
│                     51s                                                      │
│                                                                              │
│  User Stats                    Value    User Stats                    Value  │
│  perf                          0.000    score                         0.000  │
│  episode_return                1.100    episode_length             4480.000  │
│  depth                         0.000    valid_moves                  11.000  │
│  illegal_actions               0.000    new_tiles                    11.000  │
╰──────────────────────────────────────────────────────────────────────────────╯

[0;0H╭──────────────────────────────────────────────────────────────────────────────╮
│  PufferLib 4.0        🐡          GPU: 3%      VRAM: 3.0/39G      RAM: 1.0G  │
│                                                                              │
│  Summary          Value    Evaluate   898ms  95%    Losses            Value  │
│  Env            nethack      GPU       27ms   2%    policy            0.017  │
│  Params            4.0M      Env      868ms  92%    value             0.332  │
│  Steps             7.0M    Train       38ms   4%    entropy           0.006  │
│  SPS              34.6K      Misc       2ms   0%    total             0.050  │
│  Epoch              213      Forwa…    35ms   3%    old_kl            0.001  │
│  Uptime    0d 0h 3m 29s                             kl                0.001  │
│  Remaini…     0d 0h 44m                             clipfrac          0.012  │
│                     50s                                                      │
│                                                                              │
│  User Stats                    Value    User Stats                    Value  │
│  perf                          0.000    score                         0.000  │
│  episode_return                1.100    episode_length             4480.000  │
│  depth                         0.000    valid_moves                  11.000  │
│  illegal_actions               0.000    new_tiles                    11.000  │
╰──────────────────────────────────────────────────────────────────────────────╯

[0;0H╭──────────────────────────────────────────────────────────────────────────────╮
│  PufferLib 4.0       🐡           GPU: 3%      VRAM: 3.0/39G      RAM: 1.0G  │
│                                                                              │
│  Summary          Value    Evaluate   905ms  95%    Losses            Value  │
│  Env            nethack      GPU       27ms   2%    policy            0.017  │
│  Params            4.0M      Env      876ms  92%    value             0.308  │
│  Steps             7.0M    Train       38ms   4%    entropy           0.005  │
│  SPS              34.3K      Misc       2ms   0%    total             0.048  │
│  Epoch              214      Forwa…    35ms   3%    old_kl            0.000  │
│  Uptime    0d 0h 3m 30s                             kl                0.000  │
│  Remaini…     0d 0h 45m                             clipfrac          0.007  │
│                     11s                                                      │
│                                                                              │
│  User Stats                    Value    User Stats                    Value  │
│  perf                          0.000    score                         0.000  │
│  episode_return                1.100    episode_length             4480.000  │
│  depth                         0.000    valid_moves                  11.000  │
│  illegal_actions               0.000    new_tiles                    11.000  │
╰──────────────────────────────────────────────────────────────────────────────╯

[0;0H╭──────────────────────────────────────────────────────────────────────────────╮
│  PufferLib 4.0      🐡            GPU: 3%      VRAM: 3.0/39G      RAM: 1.0G  │
│                                                                              │
│  Summary          Value    Evaluate   901ms  95%    Losses            Value  │
│  Env            nethack      GPU       27ms   2%    policy            0.018  │
│  Params            4.0M      Env      872ms  92%    value             0.374  │
│  Steps             7.0M    Train       38ms   4%    entropy           0.004  │
│  SPS              34.4K      Misc       2ms   0%    total             0.056  │
│  Epoch              215      Forwa…    35ms   3%    old_kl            0.002  │
│  Uptime    0d 0h 3m 31s                             kl                0.002  │
│  Remaini…     0d 0h 44m                             clipfrac          0.008  │
│                     59s                                                      │
│                                                                              │
│  User Stats                    Value    User Stats                    Value  │
│  perf                          0.000    score                         0.000  │
│  episode_return                1.100    episode_length             4480.000  │
│  depth                         0.000    valid_moves                  11.000  │
│  illegal_actions               0.000    new_tiles                    11.000  │
╰──────────────────────────────────────────────────────────────────────────────╯

[0;0H╭──────────────────────────────────────────────────────────────────────────────╮
│  PufferLib 4.0     🐡             GPU: 3%      VRAM: 3.0/39G      RAM: 1.0G  │
│                                                                              │
│  Summary          Value    Evaluate   898ms  95%    Losses            Value  │
│  Env            nethack      GPU       27ms   2%    policy            0.015  │
│  Params            4.0M      Env      868ms  92%    value             0.349  │
│  Steps             7.1M    Train       38ms   4%    entropy           0.005  │
│  SPS              34.6K      Misc       2ms   0%    total             0.049  │
│  Epoch              216      Forwa…    35ms   3%    old_kl            0.000  │
│  Uptime    0d 0h 3m 32s                             kl                0.000  │
│  Remaini…     0d 0h 44m                             clipfrac          0.010  │
│                     48s                                                      │
│                                                                              │
│  User Stats                    Value    User Stats                    Value  │
│  perf                          0.000    score                         0.000  │
│  episode_return                1.100    episode_length             4480.000  │
│  depth                         0.000    valid_moves                  11.000  │
│  illegal_actions               0.000    new_tiles                    11.000  │
╰──────────────────────────────────────────────────────────────────────────────╯

[0;0H╭──────────────────────────────────────────────────────────────────────────────╮
│  PufferLib 4.0    🐡              GPU: 3%      VRAM: 3.0/39G      RAM: 1.0G  │
│                                                                              │
│  Summary          Value    Evaluate   891ms  95%    Losses            Value  │
│  Env            nethack      GPU       27ms   2%    policy            0.013  │
│  Params            4.0M      Env      862ms  92%    value             0.361  │
│  Steps             7.1M    Train       38ms   4%    entropy           0.007  │
│  SPS              34.8K      Misc       2ms   0%    total             0.049  │
│  Epoch              217      Forwa…    35ms   3%    old_kl            0.001  │
│  Uptime    0d 0h 3m 33s                             kl                0.001  │
│  Remaini…     0d 0h 44m                             clipfrac          0.007  │
│                     29s                                                      │
│                                                                              │
│  User Stats                    Value    User Stats                    Value  │
│  perf                          0.000    score                         0.000  │
│  episode_return                1.100    episode_length             4480.000  │
│  depth                         0.000    valid_moves                  11.000  │
│  illegal_actions               0.000    new_tiles                    11.000  │
╰──────────────────────────────────────────────────────────────────────────────╯

[0;0H╭──────────────────────────────────────────────────────────────────────────────╮
│  PufferLib 4.0   🐡               GPU: 3%      VRAM: 3.0/39G      RAM: 1.0G  │
│                                                                              │
│  Summary          Value    Evaluate   887ms  95%    Losses            Value  │
│  Env            nethack      GPU       27ms   2%    policy            0.017  │
│  Params            4.0M      Env      858ms  92%    value             0.328  │
│  Steps             7.1M    Train       38ms   4%    entropy           0.009  │
│  SPS              34.9K      Misc       2ms   0%    total             0.049  │
│  Epoch              218      Forwa…    36ms   3%    old_kl            0.003  │
│  Uptime    0d 0h 3m 34s                             kl                0.003  │
│  Remaini…     0d 0h 44m                             clipfrac          0.015  │
│                     17s                                                      │
│                                                                              │
│  User Stats                    Value    User Stats                    Value  │
│  perf                          0.000    score                         0.000  │
│  episode_return                1.100    episode_length             4480.000  │
│  depth                         0.000    valid_moves                  11.000  │
│  illegal_actions               0.000    new_tiles                    11.000  │
╰──────────────────────────────────────────────────────────────────────────────╯

[0;0H╭──────────────────────────────────────────────────────────────────────────────╮
│  PufferLib 4.0  🐡                GPU: 3%      VRAM: 3.0/39G      RAM: 1.0G  │
│                                                                              │
│  Summary          Value    Evaluate   889ms  95%    Losses            Value  │
│  Env            nethack      GPU       27ms   2%    policy            0.017  │
│  Params            4.0M      Env      860ms  92%    value             0.344  │
│  Steps             7.2M    Train       38ms   4%    entropy           0.007  │
│  SPS              34.9K      Misc       2ms   0%    total             0.051  │
│  Epoch              219      Forwa…    35ms   3%    old_kl            0.000  │
│  Uptime    0d 0h 3m 35s                             kl                0.000  │
│  Remaini…     0d 0h 44m                             clipfrac          0.010  │
│                     22s                                                      │
│                                                                              │
│  User Stats                    Value    User Stats                    Value  │
│  perf                          0.000    score                         0.000  │
│  episode_return                1.100    episode_length             4480.000  │
│  depth                         0.000    valid_moves                  11.000  │
│  illegal_actions               0.000    new_tiles                    11.000  │
╰──────────────────────────────────────────────────────────────────────────────╯

[0;0H╭──────────────────────────────────────────────────────────────────────────────╮
│  PufferLib 4.0 🐡                 GPU: 3%      VRAM: 3.0/39G      RAM: 1.0G  │
│                                                                              │
│  Summary          Value    Evaluate   891ms  95%    Losses            Value  │
│  Env            nethack      GPU       27ms   2%    policy            0.014  │
│  Params            4.0M      Env      862ms  92%    value             0.353  │
│  Steps             7.2M    Train       38ms   4%    entropy           0.006  │
│  SPS              34.8K      Misc       2ms   0%    total             0.050  │
│  Epoch              220      Forwa…    35ms   3%    old_kl            0.001  │
│  Uptime    0d 0h 3m 36s                             kl                0.001  │
│  Remaini…     0d 0h 44m                             clipfrac          0.014  │
│                     25s                                                      │
│                                                                              │
│  User Stats                    Value    User Stats                    Value  │
│  perf                          0.000    score                         0.000  │
│  episode_return                1.100    episode_length             4480.000  │
│  depth                         0.000    valid_moves                  11.000  │
│  illegal_actions               0.000    new_tiles                    11.000  │
╰──────────────────────────────────────────────────────────────────────────────╯

[0;0H╭──────────────────────────────────────────────────────────────────────────────╮
│  PufferLib 4.0          🐡        GPU: 3%      VRAM: 3.0/39G      RAM: 1.0G  │
│                                                                              │
│  Summary          Value    Evaluate   903ms  95%    Losses            Value  │
│  Env            nethack      GPU       27ms   2%    policy            0.015  │
│  Params            4.0M      Env      874ms  92%    value             0.319  │
│  Steps             7.2M    Train       38ms   4%    entropy           0.003  │
│  SPS              34.4K      Misc       2ms   0%    total             0.047  │
│  Epoch              221      Forwa…    35ms   3%    old_kl            0.000  │
│  Uptime    0d 0h 3m 37s                             kl                0.000  │
│  Remaini…     0d 0h 44m                             clipfrac          0.006  │
│                     59s                                                      │
│                                                                              │
│  User Stats                    Value    User Stats                    Value  │
│  perf                          0.000    score                         0.000  │
│  episode_return                1.100    episode_length             4480.000  │
│  depth                         0.000    valid_moves                  11.000  │
│  illegal_actions               0.000    new_tiles                    11.000  │
╰──────────────────────────────────────────────────────────────────────────────╯

[0;0H╭──────────────────────────────────────────────────────────────────────────────╮
│  PufferLib 4.0         🐡         GPU: 3%      VRAM: 3.0/39G      RAM: 1.0G  │
│                                                                              │
│  Summary          Value    Evaluate   892ms  95%    Losses            Value  │
│  Env            nethack      GPU       27ms   2%    policy            0.015  │
│  Params            4.0M      Env      863ms  92%    value             0.347  │
│  Steps             7.3M    Train       38ms   4%    entropy           0.003  │
│  SPS              34.8K      Misc       2ms   0%    total             0.049  │
│  Epoch              222      Forwa…    35ms   3%    old_kl            0.000  │
│  Uptime    0d 0h 3m 38s                             kl                0.000  │
│  Remaini…     0d 0h 44m                             clipfrac          0.003  │
│                     26s                                                      │
│                                                                              │
│  User Stats                    Value    User Stats                    Value  │
│  perf                          0.000    score                         0.000  │
│  episode_return                1.100    episode_length             4480.000  │
│  depth                         0.000    valid_moves                  11.000  │
│  illegal_actions               0.000    new_tiles                    11.000  │
╰──────────────────────────────────────────────────────────────────────────────╯

[0;0H╭──────────────────────────────────────────────────────────────────────────────╮
│  PufferLib 4.0        🐡          GPU: 3%      VRAM: 3.0/39G      RAM: 1.0G  │
│                                                                              │
│  Summary          Value    Evaluate   895ms  95%    Losses            Value  │
│  Env            nethack      GPU       27ms   2%    policy            0.019  │
│  Params            4.0M      Env      866ms  92%    value             0.345  │
│  Steps             7.3M    Train       38ms   4%    entropy           0.011  │
│  SPS              34.7K      Misc       2ms   0%    total             0.053  │
│  Epoch              223      Forwa…    35ms   3%    old_kl            0.001  │
│  Uptime    0d 0h 3m 39s                             kl                0.002  │
│  Remaini…     0d 0h 44m                             clipfrac          0.013  │
│                     34s                                                      │
│                                                                              │
│  User Stats                    Value    User Stats                    Value  │
│  perf                          0.000    score                         0.000  │
│  episode_return                1.100    episode_length             4480.000  │
│  depth                         0.000    valid_moves                  11.000  │
│  illegal_actions               0.000    new_tiles                    11.000  │
╰──────────────────────────────────────────────────────────────────────────────╯

[0;0H╭──────────────────────────────────────────────────────────────────────────────╮
│  PufferLib 4.0       🐡           GPU: 3%      VRAM: 3.0/39G      RAM: 1.0G  │
│                                                                              │
│  Summary          Value    Evaluate   898ms  95%    Losses            Value  │
│  Env            nethack      GPU       27ms   2%    policy            0.020  │
│  Params            4.0M      Env      869ms  92%    value             0.329  │
│  Steps             7.3M    Train       38ms   4%    entropy           0.011  │
│  SPS              34.6K      Misc       2ms   0%    total             0.052  │
│  Epoch              224      Forwa…    35ms   3%    old_kl            0.005  │
│  Uptime    0d 0h 3m 40s                             kl                0.004  │
│  Remaini…     0d 0h 44m                             clipfrac          0.016  │
│                     40s                                                      │
│                                                                              │
│  User Stats                    Value    User Stats                    Value  │
│  perf                          0.000    score                         0.000  │
│  episode_return                1.100    episode_length             4480.000  │
│  depth                         0.000    valid_moves                  11.000  │
│  illegal_actions               0.000    new_tiles                    11.000  │
╰──────────────────────────────────────────────────────────────────────────────╯

[0;0H╭──────────────────────────────────────────────────────────────────────────────╮
│  PufferLib 4.0      🐡            GPU: 3%      VRAM: 3.0/39G      RAM: 1.0G  │
│                                                                              │
│  Summary          Value    Evaluate   901ms  95%    Losses            Value  │
│  Env            nethack      GPU       27ms   2%    policy            0.017  │
│  Params            4.0M      Env      872ms  92%    value             0.315  │
│  Steps             7.4M    Train       38ms   4%    entropy           0.009  │
│  SPS              34.5K      Misc       2ms   0%    total             0.048  │
│  Epoch              225      Forwa…    35ms   3%    old_kl            0.001  │
│  Uptime    0d 0h 3m 41s                             kl                0.001  │
│  Remaini…     0d 0h 44m                             clipfrac          0.013  │
│                     48s                                                      │
│                                                                              │
│  User Stats                    Value    User Stats                    Value  │
│  perf                          0.000    score                         0.000  │
│  episode_return                1.100    episode_length             4480.000  │
│  depth                         0.000    valid_moves                  11.000  │
│  illegal_actions               0.000    new_tiles                    11.000  │
╰──────────────────────────────────────────────────────────────────────────────╯

[0;0H╭──────────────────────────────────────────────────────────────────────────────╮
│  PufferLib 4.0     🐡             GPU: 3%      VRAM: 3.0/39G      RAM: 1.0G  │
│                                                                              │
│  Summary          Value    Evaluate   897ms  95%    Losses            Value  │
│  Env            nethack      GPU       27ms   2%    policy            0.015  │
│  Params            4.0M      Env      868ms  92%    value             0.311  │
│  Steps             7.4M    Train       38ms   4%    entropy           0.008  │
│  SPS              34.6K      Misc       2ms   0%    total             0.046  │
│  Epoch              226      Forwa…    36ms   3%    old_kl            0.000  │
│  Uptime    0d 0h 3m 41s                             kl                0.000  │
│  Remaini…     0d 0h 44m                             clipfrac          0.016  │
│                     38s                                                      │
│                                                                              │
│  User Stats                    Value    User Stats                    Value  │
│  perf                          0.000    score                         0.000  │
│  episode_return                1.100    episode_length             4480.000  │
│  depth                         0.000    valid_moves                  11.000  │
│  illegal_actions               0.000    new_tiles                    11.000  │
╰──────────────────────────────────────────────────────────────────────────────╯

[0;0H╭──────────────────────────────────────────────────────────────────────────────╮
│  PufferLib 4.0    🐡              GPU: 3%      VRAM: 3.0/39G      RAM: 1.0G  │
│                                                                              │
│  Summary          Value    Evaluate   901ms  95%    Losses            Value  │
│  Env            nethack      GPU       27ms   2%    policy            0.017  │
│  Params            4.0M      Env      872ms  92%    value             0.299  │
│  Steps             7.4M    Train       38ms   4%    entropy           0.009  │
│  SPS              34.4K      Misc       2ms   0%    total             0.046  │
│  Epoch              227      Forwa…    36ms   3%    old_kl            0.001  │
│  Uptime    0d 0h 3m 42s                             kl                0.001  │
│  Remaini…     0d 0h 44m                             clipfrac          0.016  │
│                     48s                                                      │
│                                                                              │
│  User Stats                    Value    User Stats                    Value  │
│  perf                          0.000    score                         0.000  │
│  episode_return                1.100    episode_length             4480.000  │
│  depth                         0.000    valid_moves                  11.000  │
│  illegal_actions               0.000    new_tiles                    11.000  │
╰──────────────────────────────────────────────────────────────────────────────╯

[0;0H╭──────────────────────────────────────────────────────────────────────────────╮
│  PufferLib 4.0   🐡               GPU: 3%      VRAM: 3.0/39G      RAM: 1.0G  │
│                                                                              │
│  Summary          Value    Evaluate   898ms  95%    Losses            Value  │
│  Env            nethack      GPU       27ms   2%    policy            0.017  │
│  Params            4.0M      Env      869ms  92%    value             0.307  │
│  Steps             7.5M    Train       38ms   4%    entropy           0.009  │
│  SPS              34.5K      Misc       2ms   0%    total             0.047  │
│  Epoch              228      Forwa…    35ms   3%    old_kl            0.001  │
│  Uptime    0d 0h 3m 43s                             kl                0.001  │
│  Remaini…     0d 0h 44m                             clipfrac          0.013  │
│                     38s                                                      │
│                                                                              │
│  User Stats                    Value    User Stats                    Value  │
│  perf                          0.000    score                         0.000  │
│  episode_return                1.100    episode_length             4480.000  │
│  depth                         0.000    valid_moves                  11.000  │
│  illegal_actions               0.000    new_tiles                    11.000  │
╰──────────────────────────────────────────────────────────────────────────────╯

[0;0H╭──────────────────────────────────────────────────────────────────────────────╮
│  PufferLib 4.0  🐡                GPU: 3%      VRAM: 3.0/39G      RAM: 1.0G  │
│                                                                              │
│  Summary          Value    Evaluate   897ms  95%    Losses            Value  │
│  Env            nethack      GPU       27ms   2%    policy            0.013  │
│  Params            4.0M      Env      868ms  92%    value             0.298  │
│  Steps             7.5M    Train       38ms   4%    entropy           0.008  │
│  SPS              34.6K      Misc       2ms   0%    total             0.042  │
│  Epoch              229      Forwa…    35ms   3%    old_kl            0.003  │
│  Uptime    0d 0h 3m 44s                             kl                0.004  │
│  Remaini…     0d 0h 44m                             clipfrac          0.014  │
│                     34s                                                      │
│                                                                              │
│  User Stats                    Value    User Stats                    Value  │
│  perf                          0.000    score                         0.000  │
│  episode_return                1.100    episode_length             4480.000  │
│  depth                         0.000    valid_moves                  11.000  │
│  illegal_actions               0.000    new_tiles                    11.000  │
╰──────────────────────────────────────────────────────────────────────────────╯

[0;0H╭──────────────────────────────────────────────────────────────────────────────╮
│  PufferLib 4.0 🐡                 GPU: 3%      VRAM: 3.0/39G      RAM: 1.0G  │
│                                                                              │
│  Summary          Value    Evaluate   897ms  95%    Losses            Value  │
│  Env            nethack      GPU       27ms   2%    policy            0.018  │
│  Params            4.0M      Env      867ms  92%    value             0.323  │
│  Steps             7.5M    Train       38ms   4%    entropy           0.006  │
│  SPS              34.6K      Misc       2ms   0%    total             0.050  │
│  Epoch              230      Forwa…    36ms   3%    old_kl            0.000  │
│  Uptime    0d 0h 3m 45s                             kl                0.000  │
│  Remaini…     0d 0h 44m                             clipfrac          0.013  │
│                     31s                                                      │
│                                                                              │
│  User Stats                    Value    User Stats                    Value  │
│  perf                          0.000    score                         0.000  │
│  episode_return                1.100    episode_length             4480.000  │
│  depth                         0.000    valid_moves                  11.000  │
│  illegal_actions               0.000    new_tiles                    11.000  │
╰──────────────────────────────────────────────────────────────────────────────╯

[0;0H╭──────────────────────────────────────────────────────────────────────────────╮
│  PufferLib 4.0          🐡        GPU: 3%      VRAM: 3.0/39G      RAM: 1.0G  │
│                                                                              │
│  Summary          Value    Evaluate   891ms  95%    Losses            Value  │
│  Env            nethack      GPU       27ms   2%    policy            0.019  │
│  Params            4.0M      Env      861ms  92%    value             0.298  │
│  Steps             7.6M    Train       38ms   4%    entropy           0.008  │
│  SPS              34.8K      Misc       2ms   0%    total             0.049  │
│  Epoch              231      Forwa…    35ms   3%    old_kl            0.007  │
│  Uptime    0d 0h 3m 46s                             kl                0.006  │
│  Remaini…     0d 0h 44m                             clipfrac          0.021  │
│                     13s                                                      │
│                                                                              │
│  User Stats                    Value    User Stats                    Value  │
│  perf                          0.000    score                         0.000  │
│  episode_return                1.100    episode_length             4480.000  │
│  depth                         0.000    valid_moves                  11.000  │
│  illegal_actions               0.000    new_tiles                    11.000  │
╰──────────────────────────────────────────────────────────────────────────────╯

[0;0H╭──────────────────────────────────────────────────────────────────────────────╮
│  PufferLib 4.0         🐡         GPU: 3%      VRAM: 3.0/39G      RAM: 1.0G  │
│                                                                              │
│  Summary          Value    Evaluate   896ms  95%    Losses            Value  │
│  Env            nethack      GPU       27ms   2%    policy            0.019  │
│  Params            4.0M      Env      867ms  92%    value             0.305  │
│  Steps             7.6M    Train       38ms   4%    entropy           0.008  │
│  SPS              34.6K      Misc       2ms   0%    total             0.049  │
│  Epoch              232      Forwa…    35ms   3%    old_kl            0.000  │
│  Uptime    0d 0h 3m 47s                             kl                0.001  │
│  Remaini…     0d 0h 44m                             clipfrac          0.015  │
│                     28s                                                      │
│                                                                              │
│  User Stats                    Value    User Stats                    Value  │
│  perf                          0.000    score                         0.000  │
│  episode_return                1.100    episode_length             4480.000  │
│  depth                         0.000    valid_moves                  11.000  │
│  illegal_actions               0.000    new_tiles                    11.000  │
╰──────────────────────────────────────────────────────────────────────────────╯

[0;0H╭──────────────────────────────────────────────────────────────────────────────╮
│  PufferLib 4.0        🐡          GPU: 3%      VRAM: 3.0/39G      RAM: 1.0G  │
│                                                                              │
│  Summary          Value    Evaluate   900ms  95%    Losses            Value  │
│  Env            nethack      GPU       27ms   2%    policy            0.016  │
│  Params            4.0M      Env      871ms  92%    value             0.306  │
│  Steps             7.6M    Train       38ms   4%    entropy           0.016  │
│  SPS              34.5K      Misc       2ms   0%    total             0.046  │
│  Epoch              233      Forwa…    35ms   3%    old_kl            0.002  │
│  Uptime    0d 0h 3m 48s                             kl                0.002  │
│  Remaini…     0d 0h 44m                             clipfrac          0.025  │
│                     38s                                                      │
│                                                                              │
│  User Stats                    Value    User Stats                    Value  │
│  perf                          0.000    score                         0.000  │
│  episode_return                1.100    episode_length             4480.000  │
│  depth                         0.000    valid_moves                  11.000  │
│  illegal_actions               0.000    new_tiles                    11.000  │
╰──────────────────────────────────────────────────────────────────────────────╯

[0;0H╭──────────────────────────────────────────────────────────────────────────────╮
│  PufferLib 4.0       🐡           GPU: 4%      VRAM: 3.0/39G      RAM: 1.0G  │
│                                                                              │
│  Summary          Value    Evaluate   894ms  95%    Losses            Value  │
│  Env            nethack      GPU       27ms   2%    policy            0.022  │
│  Params            4.0M      Env      865ms  92%    value             0.325  │
│  Steps             7.7M    Train       38ms   4%    entropy           0.014  │
│  SPS              34.7K      Misc       2ms   0%    total             0.054  │
│  Epoch              234      Forwa…    35ms   3%    old_kl            0.004  │
│  Uptime    0d 0h 3m 49s                             kl                0.004  │
│  Remaini…     0d 0h 44m                             clipfrac          0.026  │
│                     20s                                                      │
│                                                                              │
│  User Stats                    Value    User Stats                    Value  │
│  perf                          0.000    score                         0.000  │
│  episode_return                1.100    episode_length             4480.000  │
│  depth                         0.000    valid_moves                  11.000  │
│  illegal_actions               0.000    new_tiles                    11.000  │
╰──────────────────────────────────────────────────────────────────────────────╯

[0;0H╭──────────────────────────────────────────────────────────────────────────────╮
│  PufferLib 4.0      🐡            GPU: 3%      VRAM: 3.0/39G      RAM: 1.0G  │
│                                                                              │
│  Summary          Value    Evaluate   894ms  95%    Losses            Value  │
│  Env            nethack      GPU       27ms   2%    policy            0.018  │
│  Params            4.0M      Env      865ms  92%    value             0.325  │
│  Steps             7.7M    Train       38ms   4%    entropy           0.010  │
│  SPS              34.7K      Misc       2ms   0%    total             0.050  │
│  Epoch              235      Forwa…    35ms   3%    old_kl            0.006  │
│  Uptime    0d 0h 3m 50s                             kl                0.005  │
│  Remaini…     0d 0h 44m                             clipfrac          0.015  │
│                     19s                                                      │
│                                                                              │
│  User Stats                    Value    User Stats                    Value  │
│  perf                          0.000    score                         0.000  │
│  episode_return                1.100    episode_length             4480.000  │
│  depth                         0.000    valid_moves                  11.000  │
│  illegal_actions               0.000    new_tiles                    11.000  │
╰──────────────────────────────────────────────────────────────────────────────╯

[0;0H╭──────────────────────────────────────────────────────────────────────────────╮
│  PufferLib 4.0     🐡             GPU: 3%      VRAM: 3.0/39G      RAM: 1.0G  │
│                                                                              │
│  Summary          Value    Evaluate   904ms  95%    Losses            Value  │
│  Env            nethack      GPU       27ms   2%    policy            0.017  │
│  Params            4.0M      Env      874ms  92%    value             0.300  │
│  Steps             7.7M    Train       38ms   4%    entropy           0.009  │
│  SPS              34.4K      Misc       2ms   0%    total             0.047  │
│  Epoch              236      Forwa…    35ms   3%    old_kl            0.000  │
│  Uptime    0d 0h 3m 51s                             kl                0.000  │
│  Remaini…     0d 0h 44m                             clipfrac          0.016  │
│                     45s                                                      │
│                                                                              │
│  User Stats                    Value    User Stats                    Value  │
│  perf                          0.000    score                         0.000  │
│  episode_return                1.100    episode_length             4480.000  │
│  depth                         0.000    valid_moves                  11.000  │
│  illegal_actions               0.000    new_tiles                    11.000  │
╰──────────────────────────────────────────────────────────────────────────────╯

[0;0H╭──────────────────────────────────────────────────────────────────────────────╮
│  PufferLib 4.0    🐡              GPU: 3%      VRAM: 3.0/39G      RAM: 1.0G  │
│                                                                              │
│  Summary          Value    Evaluate   903ms  95%    Losses            Value  │
│  Env            nethack      GPU       27ms   2%    policy            0.015  │
│  Params            4.0M      Env      873ms  92%    value             0.287  │
│  Steps             7.8M    Train       38ms   4%    entropy           0.009  │
│  SPS              34.4K      Misc       2ms   0%    total             0.044  │
│  Epoch              237      Forwa…    35ms   3%    old_kl            0.001  │
│  Uptime    0d 0h 3m 52s                             kl                0.001  │
│  Remaini…     0d 0h 44m                             clipfrac          0.018  │
│                     43s                                                      │
│                                                                              │
│  User Stats                    Value    User Stats                    Value  │
│  perf                          0.000    score                         0.000  │
│  episode_return                1.100    episode_length             4480.000  │
│  depth                         0.000    valid_moves                  11.000  │
│  illegal_actions               0.000    new_tiles                    11.000  │
╰──────────────────────────────────────────────────────────────────────────────╯

[0;0H╭──────────────────────────────────────────────────────────────────────────────╮
│  PufferLib 4.0   🐡              GPU: 13%      VRAM: 3.0/39G      RAM: 1.0G  │
│                                                                              │
│  Summary          Value    Evaluate   901ms  95%    Losses            Value  │
│  Env            nethack      GPU       27ms   2%    policy            0.018  │
│  Params            4.0M      Env      871ms  92%    value             0.339  │
│  Steps             7.8M    Train       38ms   4%    entropy           0.007  │
│  SPS              34.4K      Misc       2ms   0%    total             0.051  │
│  Epoch              238      Forwa…    35ms   3%    old_kl            0.000  │
│  Uptime    0d 0h 3m 53s                             kl                0.000  │
│  Remaini…     0d 0h 44m                             clipfrac          0.017  │
│                     37s                                                      │
│                                                                              │
│  User Stats                    Value    User Stats                    Value  │
│  perf                          0.000    score                         0.000  │
│  episode_return                1.100    episode_length             4480.000  │
│  depth                         0.000    valid_moves                  11.000  │
│  illegal_actions               0.000    new_tiles                    11.000  │
╰──────────────────────────────────────────────────────────────────────────────╯

[0;0H╭──────────────────────────────────────────────────────────────────────────────╮
│  PufferLib 4.0  🐡                GPU: 3%      VRAM: 3.0/39G      RAM: 1.0G  │
│                                                                              │
│  Summary          Value    Evaluate   907ms  95%    Losses            Value  │
│  Env            nethack      GPU       27ms   2%    policy            0.017  │
│  Params            4.0M      Env      878ms  92%    value             0.315  │
│  Steps             7.8M    Train       38ms   4%    entropy           0.005  │
│  SPS              34.2K      Misc       2ms   0%    total             0.048  │
│  Epoch              239      Forwa…    35ms   3%    old_kl            0.000  │
│  Uptime    0d 0h 3m 54s                             kl                0.000  │
│  Remaini…     0d 0h 44m                             clipfrac          0.010  │
│                     53s                                                      │
│                                                                              │
│  User Stats                    Value    User Stats                    Value  │
│  perf                          0.000    score                         0.000  │
│  episode_return                1.100    episode_length             4480.000  │
│  depth                         0.000    valid_moves                  11.000  │
│  illegal_actions               0.000    new_tiles                    11.000  │
╰──────────────────────────────────────────────────────────────────────────────╯

[0;0H╭──────────────────────────────────────────────────────────────────────────────╮
│  PufferLib 4.0 🐡                 GPU: 3%      VRAM: 3.0/39G      RAM: 1.0G  │
│                                                                              │
│  Summary          Value    Evaluate   898ms  95%    Losses            Value  │
│  Env            nethack      GPU       27ms   2%    policy            0.018  │
│  Params            4.0M      Env      868ms  92%    value             0.320  │
│  Steps             7.9M    Train       38ms   4%    entropy           0.005  │
│  SPS              34.6K      Misc       2ms   0%    total             0.050  │
│  Epoch              240      Forwa…    35ms   3%    old_kl            0.002  │
│  Uptime    0d 0h 3m 55s                             kl                0.001  │
│  Remaini…     0d 0h 44m                             clipfrac          0.010  │
│                     25s                                                      │
│                                                                              │
│  User Stats                    Value    User Stats                    Value  │
│  perf                          0.000    score                         0.000  │
│  episode_return                1.100    episode_length             4480.000  │
│  depth                         0.000    valid_moves                  11.000  │
│  illegal_actions               0.000    new_tiles                    11.000  │
╰──────────────────────────────────────────────────────────────────────────────╯

[0;0H╭──────────────────────────────────────────────────────────────────────────────╮
│  PufferLib 4.0          🐡        GPU: 3%      VRAM: 3.0/39G      RAM: 1.0G  │
│                                                                              │
│  Summary          Value    Evaluate   890ms  95%    Losses            Value  │
│  Env            nethack      GPU       27ms   2%    policy            0.018  │
│  Params            4.0M      Env      861ms  92%    value             0.330  │
│  Steps             7.9M    Train       38ms   4%    entropy           0.008  │
│  SPS              34.9K      Misc       2ms   0%    total             0.050  │
│  Epoch              241      Forwa…    35ms   3%    old_kl            0.001  │
│  Uptime    0d 0h 3m 56s                             kl                0.001  │
│  Remaini…  0d 0h 44m 2s                             clipfrac          0.012  │
│                                                                              │
│  User Stats                    Value    User Stats                    Value  │
│  perf                          0.000    score                         0.000  │
│  episode_return                1.100    episode_length             4480.000  │
│  depth                         0.000    valid_moves                  11.000  │
│  illegal_actions               0.000    new_tiles                    11.000  │
╰──────────────────────────────────────────────────────────────────────────────╯

[0;0H╭──────────────────────────────────────────────────────────────────────────────╮
│  PufferLib 4.0         🐡         GPU: 3%      VRAM: 3.0/39G      RAM: 1.0G  │
│                                                                              │
│  Summary          Value    Evaluate   892ms  95%    Losses            Value  │
│  Env            nethack      GPU       27ms   2%    policy            0.020  │
│  Params            4.0M      Env      863ms  92%    value             0.314  │
│  Steps             7.9M    Train       38ms   4%    entropy           0.009  │
│  SPS              34.8K      Misc       2ms   0%    total             0.051  │
│  Epoch              242      Forwa…    35ms   3%    old_kl            0.002  │
│  Uptime    0d 0h 3m 57s                             kl                0.002  │
│  Remaini…  0d 0h 44m 7s                             clipfrac          0.012  │
│                                                                              │
│  User Stats                    Value    User Stats                    Value  │
│  perf                          0.000    score                         0.000  │
│  episode_return                1.100    episode_length             4480.000  │
│  depth                         0.000    valid_moves                  11.000  │
│  illegal_actions               0.000    new_tiles                    11.000  │
╰──────────────────────────────────────────────────────────────────────────────╯

[0;0H╭──────────────────────────────────────────────────────────────────────────────╮
│  PufferLib 4.0        🐡          GPU: 3%      VRAM: 3.0/39G      RAM: 1.0G  │
│                                                                              │
│  Summary          Value    Evaluate   893ms  95%    Losses            Value  │
│  Env            nethack      GPU       27ms   2%    policy            0.015  │
│  Params            4.0M      Env      865ms  92%    value             0.321  │
│  Steps             8.0M    Train       38ms   4%    entropy           0.005  │
│  SPS              34.7K      Misc       2ms   0%    total             0.047  │
│  Epoch              243      Forwa…    35ms   3%    old_kl            0.000  │
│  Uptime    0d 0h 3m 58s                             kl                0.000  │
│  Remaini…     0d 0h 44m                             clipfrac          0.008  │
│                     10s                                                      │
│                                                                              │
│  User Stats                    Value    User Stats                    Value  │
│  perf                          0.000    score                         0.000  │
│  episode_return                1.100    episode_length             4480.000  │
│  depth                         0.000    valid_moves                  11.000  │
│  illegal_actions               0.000    new_tiles                    11.000  │
╰──────────────────────────────────────────────────────────────────────────────╯

[0;0H╭──────────────────────────────────────────────────────────────────────────────╮
│  PufferLib 4.0       🐡           GPU: 3%      VRAM: 3.0/39G      RAM: 1.0G  │
│                                                                              │
│  Summary          Value    Evaluate   904ms  95%    Losses            Value  │
│  Env            nethack      GPU       27ms   2%    policy            0.013  │
│  Params            4.0M      Env      875ms  92%    value             0.322  │
│  Steps             8.0M    Train       38ms   4%    entropy           0.004  │
│  SPS              34.4K      Misc       2ms   0%    total             0.045  │
│  Epoch              244      Forwa…    35ms   3%    old_kl           -0.000  │
│  Uptime    0d 0h 3m 59s                             kl                0.000  │
│  Remaini…     0d 0h 44m                             clipfrac          0.003  │
│                     37s                                                      │
│                                                                              │
│  User Stats                    Value    User Stats                    Value  │
│  perf                          0.000    score                         0.000  │
│  episode_return                1.100    episode_length             4480.000  │
│  depth                         0.000    valid_moves                  11.000  │
│  illegal_actions               0.000    new_tiles                    11.000  │
╰──────────────────────────────────────────────────────────────────────────────╯

[0;0H╭──────────────────────────────────────────────────────────────────────────────╮
│  PufferLib 4.0      🐡            GPU: 3%      VRAM: 3.0/39G      RAM: 1.0G  │
│                                                                              │
│  Summary          Value    Evaluate   902ms  95%    Losses            Value  │
│  Env            nethack      GPU       27ms   2%    policy            0.015  │
│  Params            4.0M      Env      873ms  92%    value             0.334  │
│  Steps             8.0M    Train       38ms   4%    entropy           0.006  │
│  SPS              34.4K      Misc       2ms   0%    total             0.048  │
│  Epoch              245      Forwa…    35ms   3%    old_kl            0.001  │
│  Uptime     0d 0h 4m 0s                             kl                0.000  │
│  Remaini…     0d 0h 44m                             clipfrac          0.010  │
│                     33s                                                      │
│                                                                              │
│  User Stats                    Value    User Stats                    Value  │
│  perf                          0.000    score                         0.000  │
│  episode_return                1.100    episode_length             4480.000  │
│  depth                         0.000    valid_moves                  11.000  │
│  illegal_actions               0.000    new_tiles                    11.000  │
╰──────────────────────────────────────────────────────────────────────────────╯

[0;0H╭──────────────────────────────────────────────────────────────────────────────╮
│  PufferLib 4.0     🐡             GPU: 3%      VRAM: 3.0/39G      RAM: 1.0G  │
│                                                                              │
│  Summary          Value    Evaluate   902ms  95%    Losses            Value  │
│  Env            nethack      GPU       27ms   2%    policy            0.012  │
│  Params            4.0M      Env      873ms  92%    value             0.348  │
│  Steps             8.1M    Train       38ms   4%    entropy           0.004  │
│  SPS              34.4K      Misc       2ms   0%    total             0.047  │
│  Epoch              246      Forwa…    35ms   3%    old_kl            0.000  │
│  Uptime     0d 0h 4m 0s                             kl                0.000  │
│  Remaini…     0d 0h 44m                             clipfrac          0.005  │
│                     32s                                                      │
│                                                                              │
│  User Stats                    Value    User Stats                    Value  │
│  perf                          0.000    score                         0.000  │
│  episode_return                1.100    episode_length             4480.000  │
│  depth                         0.000    valid_moves                  11.000  │
│  illegal_actions               0.000    new_tiles                    11.000  │
╰──────────────────────────────────────────────────────────────────────────────╯

[0;0H╭──────────────────────────────────────────────────────────────────────────────╮
│  PufferLib 4.0    🐡              GPU: 3%      VRAM: 3.0/39G      RAM: 1.0G  │
│                                                                              │
│  Summary          Value    Evaluate   898ms  95%    Losses            Value  │
│  Env            nethack      GPU       27ms   2%    policy            0.018  │
│  Params            4.0M      Env      869ms  92%    value             0.301  │
│  Steps             8.1M    Train       38ms   4%    entropy           0.006  │
│  SPS              34.5K      Misc       2ms   0%    total             0.047  │
│  Epoch              247      Forwa…    35ms   3%    old_kl            0.000  │
│  Uptime     0d 0h 4m 1s                             kl                0.000  │
│  Remaini…     0d 0h 44m                             clipfrac          0.007  │
│                     21s                                                      │
│                                                                              │
│  User Stats                    Value    User Stats                    Value  │
│  perf                          0.000    score                         0.000  │
│  episode_return                1.100    episode_length             4480.000  │
│  depth                         0.000    valid_moves                  11.000  │
│  illegal_actions               0.000    new_tiles                    11.000  │
╰──────────────────────────────────────────────────────────────────────────────╯

[0;0H╭──────────────────────────────────────────────────────────────────────────────╮
│  PufferLib 4.0   🐡               GPU: 3%      VRAM: 3.0/39G      RAM: 1.0G  │
│                                                                              │
│  Summary          Value    Evaluate   901ms  95%    Losses            Value  │
│  Env            nethack      GPU       27ms   2%    policy            0.016  │
│  Params            4.0M      Env      872ms  92%    value             0.305  │
│  Steps             8.1M    Train       38ms   4%    entropy           0.005  │
│  SPS              34.4K      Misc       2ms   0%    total             0.047  │
│  Epoch              248      Forwa…    35ms   3%    old_kl            0.002  │
│  Uptime     0d 0h 4m 2s                             kl                0.002  │
│  Remaini…     0d 0h 44m                             clipfrac          0.008  │
│                     26s                                                      │
│                                                                              │
│  User Stats                    Value    User Stats                    Value  │
│  perf                          0.000    score                         0.000  │
│  episode_return                1.100    episode_length             4480.000  │
│  depth                         0.000    valid_moves                  11.000  │
│  illegal_actions               0.000    new_tiles                    11.000  │
╰──────────────────────────────────────────────────────────────────────────────╯

[0;0H╭──────────────────────────────────────────────────────────────────────────────╮
│  PufferLib 4.0  🐡                GPU: 3%      VRAM: 3.0/39G      RAM: 1.0G  │
│                                                                              │
│  Summary          Value    Evaluate   898ms  95%    Losses            Value  │
│  Env            nethack      GPU       27ms   2%    policy            0.013  │
│  Params            4.0M      Env      868ms  92%    value             0.326  │
│  Steps             8.2M    Train       38ms   4%    entropy           0.004  │
│  SPS              34.5K      Misc       2ms   0%    total             0.046  │
│  Epoch              249      Forwa…    35ms   3%    old_kl            0.000  │
│  Uptime     0d 0h 4m 3s                             kl                0.000  │
│  Remaini…     0d 0h 44m                             clipfrac          0.006  │
│                     18s                                                      │
│                                                                              │
│  User Stats                    Value    User Stats                    Value  │
│  perf                          0.000    score                         0.000  │
│  episode_return                1.100    episode_length             4480.000  │
│  depth                         0.000    valid_moves                  11.000  │
│  illegal_actions               0.000    new_tiles                    11.000  │
╰──────────────────────────────────────────────────────────────────────────────╯

[0;0H╭──────────────────────────────────────────────────────────────────────────────╮
│  PufferLib 4.0 🐡                 GPU: 3%      VRAM: 3.0/39G      RAM: 1.0G  │
│                                                                              │
│  Summary          Value    Evaluate   902ms  95%    Losses            Value  │
│  Env            nethack      GPU       27ms   2%    policy            0.011  │
│  Params            4.0M      Env      873ms  92%    value             0.332  │
│  Steps             8.2M    Train       38ms   4%    entropy           0.005  │
│  SPS              34.4K      Misc       2ms   0%    total             0.044  │
│  Epoch              250      Forwa…    35ms   3%    old_kl            0.000  │
│  Uptime     0d 0h 4m 4s                             kl                0.000  │
│  Remaini…     0d 0h 44m                             clipfrac          0.004  │
│                     29s                                                      │
│                                                                              │
│  User Stats                    Value    User Stats                    Value  │
│  perf                          0.000    score                         0.000  │
│  episode_return                1.100    episode_length             4480.000  │
│  depth                         0.000    valid_moves                  11.000  │
│  illegal_actions               0.000    new_tiles                    11.000  │
╰──────────────────────────────────────────────────────────────────────────────╯

[0;0H╭──────────────────────────────────────────────────────────────────────────────╮
│  PufferLib 4.0          🐡        GPU: 3%      VRAM: 3.0/39G      RAM: 1.0G  │
│                                                                              │
│  Summary          Value    Evaluate   894ms  95%    Losses            Value  │
│  Env            nethack      GPU       27ms   2%    policy            0.020  │
│  Params            4.0M      Env      864ms  92%    value             0.313  │
│  Steps             8.2M    Train       38ms   4%    entropy           0.005  │
│  SPS              34.7K      Misc       2ms   0%    total             0.052  │
│  Epoch              251      Forwa…    35ms   3%    old_kl            0.000  │
│  Uptime     0d 0h 4m 5s                             kl                0.000  │
│  Remaini…  0d 0h 44m 3s                             clipfrac          0.005  │
│                                                                              │
│  User Stats                    Value    User Stats                    Value  │
│  perf                          0.000    score                         0.000  │
│  episode_return                1.100    episode_length             4480.000  │
│  depth                         0.000    valid_moves                  11.000  │
│  illegal_actions               0.000    new_tiles                    11.000  │
╰──────────────────────────────────────────────────────────────────────────────╯

[0;0H╭──────────────────────────────────────────────────────────────────────────────╮
│  PufferLib 4.0         🐡         GPU: 3%      VRAM: 3.0/39G      RAM: 1.0G  │
│                                                                              │
│  Summary          Value    Evaluate   897ms  95%    Losses            Value  │
│  Env            nethack      GPU       27ms   2%    policy            0.012  │
│  Params            4.0M      Env      868ms  92%    value             0.309  │
│  Steps             8.3M    Train       38ms   4%    entropy           0.002  │
│  SPS              34.6K      Misc       2ms   0%    total             0.043  │
│  Epoch              252      Forwa…    35ms   3%    old_kl            0.000  │
│  Uptime     0d 0h 4m 6s                             kl                0.000  │
│  Remaini…     0d 0h 44m                             clipfrac          0.001  │
│                     13s                                                      │
│                                                                              │
│  User Stats                    Value    User Stats                    Value  │
│  perf                          0.000    score                         0.000  │
│  episode_return                1.100    episode_length             4480.000  │
│  depth                         0.000    valid_moves                  11.000  │
│  illegal_actions               0.000    new_tiles                    11.000  │
╰──────────────────────────────────────────────────────────────────────────────╯

[0;0H╭──────────────────────────────────────────────────────────────────────────────╮
│  PufferLib 4.0        🐡          GPU: 3%      VRAM: 3.0/39G      RAM: 1.0G  │
│                                                                              │
│  Summary          Value    Evaluate   903ms  95%    Losses            Value  │
│  Env            nethack      GPU       27ms   2%    policy            0.019  │
│  Params            4.0M      Env      874ms  92%    value             0.314  │
│  Steps             8.3M    Train       38ms   4%    entropy           0.002  │
│  SPS              34.4K      Misc       2ms   0%    total             0.051  │
│  Epoch              253      Forwa…    35ms   3%    old_kl            0.000  │
│  Uptime     0d 0h 4m 7s                             kl                0.000  │
│  Remaini…     0d 0h 44m                             clipfrac          0.002  │
│                     27s                                                      │
│                                                                              │
│  User Stats                    Value    User Stats                    Value  │
│  perf                          0.000    score                         0.000  │
│  episode_return                1.100    episode_length             4480.000  │
│  depth                         0.000    valid_moves                  11.000  │
│  illegal_actions               0.000    new_tiles                    11.000  │
╰──────────────────────────────────────────────────────────────────────────────╯

[0;0H╭──────────────────────────────────────────────────────────────────────────────╮
│  PufferLib 4.0       🐡           GPU: 3%      VRAM: 3.0/39G      RAM: 1.0G  │
│                                                                              │
│  Summary          Value    Evaluate   902ms  95%    Losses            Value  │
│  Env            nethack      GPU       27ms   2%    policy            0.011  │
│  Params            4.0M      Env      873ms  92%    value             0.323  │
│  Steps             8.3M    Train       38ms   4%    entropy           0.002  │
│  SPS              34.4K      Misc       2ms   0%    total             0.043  │
│  Epoch              254      Forwa…    35ms   3%    old_kl            0.000  │
│  Uptime     0d 0h 4m 8s                             kl                0.000  │
│  Remaini…     0d 0h 44m                             clipfrac          0.004  │
│                     24s                                                      │
│                                                                              │
│  User Stats                    Value    User Stats                    Value  │
│  perf                          0.000    score                         0.000  │
│  episode_return                1.100    episode_length             4480.000  │
│  depth                         0.000    valid_moves                  11.000  │
│  illegal_actions               0.000    new_tiles                    11.000  │
╰──────────────────────────────────────────────────────────────────────────────╯

[0;0H╭──────────────────────────────────────────────────────────────────────────────╮
│  PufferLib 4.0      🐡            GPU: 3%      VRAM: 3.0/39G      RAM: 1.0G  │
│                                                                              │
│  Summary          Value    Evaluate   913ms  96%    Losses            Value  │
│  Env            nethack      GPU       27ms   2%    policy            0.014  │
│  Params            4.0M      Env      884ms  92%    value             0.324  │
│  Steps             8.4M    Train       38ms   3%    entropy           0.002  │
│  SPS              34.0K      Misc       2ms   0%    total             0.046  │
│  Epoch              255      Forwa…    35ms   3%    old_kl            0.000  │
│  Uptime     0d 0h 4m 9s                             kl                0.000  │
│  Remaini…     0d 0h 44m                             clipfrac          0.002  │
│                     53s                                                      │
│                                                                              │
│  User Stats                    Value    User Stats                    Value  │
│  perf                          0.000    score                         0.000  │
│  episode_return                1.100    episode_length             4480.000  │
│  depth                         0.000    valid_moves                  11.000  │
│  illegal_actions               0.000    new_tiles                    11.000  │
╰──────────────────────────────────────────────────────────────────────────────╯

[0;0H╭──────────────────────────────────────────────────────────────────────────────╮
│  PufferLib 4.0     🐡             GPU: 3%      VRAM: 3.0/39G      RAM: 1.0G  │
│                                                                              │
│  Summary          Value    Evaluate   904ms  95%    Losses            Value  │
│  Env            nethack      GPU       27ms   2%    policy            0.015  │
│  Params            4.0M      Env      875ms  92%    value             0.349  │
│  Steps             8.4M    Train       38ms   4%    entropy           0.003  │
│  SPS              34.3K      Misc       2ms   0%    total             0.050  │
│  Epoch              256      Forwa…    36ms   3%    old_kl            0.001  │
│  Uptime    0d 0h 4m 10s                             kl                0.001  │
│  Remaini…     0d 0h 44m                             clipfrac          0.007  │
│                     29s                                                      │
│                                                                              │
│  User Stats                    Value    User Stats                    Value  │
│  perf                          0.000    score                         0.000  │
│  episode_return                1.100    episode_length             4480.000  │
│  depth                         0.000    valid_moves                  11.000  │
│  illegal_actions               0.000    new_tiles                    11.000  │
╰──────────────────────────────────────────────────────────────────────────────╯

[0;0H╭──────────────────────────────────────────────────────────────────────────────╮
│  PufferLib 4.0    🐡              GPU: 3%      VRAM: 3.0/39G      RAM: 1.0G  │
│                                                                              │
│  Summary          Value    Evaluate   905ms  95%    Losses            Value  │
│  Env            nethack      GPU       27ms   2%    policy            0.016  │
│  Params            4.0M      Env      875ms  92%    value             0.338  │
│  Steps             8.4M    Train       38ms   4%    entropy           0.004  │
│  SPS              34.3K      Misc       2ms   0%    total             0.050  │
│  Epoch              257      Forwa…    35ms   3%    old_kl            0.000  │
│  Uptime    0d 0h 4m 11s                             kl                0.000  │
│  Remaini…     0d 0h 44m                             clipfrac          0.007  │
│                     29s                                                      │
│                                                                              │
│  User Stats                    Value    User Stats                    Value  │
│  perf                          0.000    score                         0.000  │
│  episode_return                1.100    episode_length             4480.000  │
│  depth                         0.000    valid_moves                  11.000  │
│  illegal_actions               0.000    new_tiles                    11.000  │
╰──────────────────────────────────────────────────────────────────────────────╯

[0;0H╭──────────────────────────────────────────────────────────────────────────────╮
│  PufferLib 4.0   🐡               GPU: 3%      VRAM: 3.0/39G      RAM: 1.0G  │
│                                                                              │
│  Summary          Value    Evaluate   903ms  95%    Losses            Value  │
│  Env            nethack      GPU       27ms   2%    policy            0.013  │
│  Params            4.0M      Env      874ms  92%    value             0.313  │
│  Steps             8.5M    Train       38ms   4%    entropy           0.004  │
│  SPS              34.4K      Misc       2ms   0%    total             0.044  │
│  Epoch              258      Forwa…    35ms   3%    old_kl            0.000  │
│  Uptime    0d 0h 4m 12s                             kl                0.000  │
│  Remaini…     0d 0h 44m                             clipfrac          0.009  │
│                     24s                                                      │
│                                                                              │
│  User Stats                    Value    User Stats                    Value  │
│  perf                          0.000    score                         0.000  │
│  episode_return                1.100    episode_length             4480.000  │
│  depth                         0.000    valid_moves                  11.000  │
│  illegal_actions               0.000    new_tiles                    11.000  │
╰──────────────────────────────────────────────────────────────────────────────╯

[0;0H╭──────────────────────────────────────────────────────────────────────────────╮
│  PufferLib 4.0  🐡                GPU: 3%      VRAM: 3.0/39G      RAM: 1.0G  │
│                                                                              │
│  Summary          Value    Evaluate   898ms  95%    Losses            Value  │
│  Env            nethack      GPU       27ms   2%    policy            0.018  │
│  Params            4.0M      Env      869ms  92%    value             0.291  │
│  Steps             8.5M    Train       38ms   4%    entropy           0.003  │
│  SPS              34.6K      Misc       2ms   0%    total             0.047  │
│  Epoch              259      Forwa…    35ms   3%    old_kl            0.001  │
│  Uptime    0d 0h 4m 13s                             kl                0.001  │
│  Remaini…  0d 0h 44m 7s                             clipfrac          0.005  │
│                                                                              │
│  User Stats                    Value    User Stats                    Value  │
│  perf                          0.000    score                         0.000  │
│  episode_return                1.100    episode_length             4480.000  │
│  depth                         0.000    valid_moves                  11.000  │
│  illegal_actions               0.000    new_tiles                    11.000  │
╰──────────────────────────────────────────────────────────────────────────────╯

[0;0H╭──────────────────────────────────────────────────────────────────────────────╮
│  PufferLib 4.0 🐡                 GPU: 3%      VRAM: 3.0/39G      RAM: 1.0G  │
│                                                                              │
│  Summary          Value    Evaluate   895ms  95%    Losses            Value  │
│  Env            nethack      GPU       27ms   2%    policy            0.016  │
│  Params            4.0M      Env      866ms  92%    value             0.334  │
│  Steps             8.5M    Train       38ms   4%    entropy           0.003  │
│  SPS              34.6K      Misc       2ms   0%    total             0.049  │
│  Epoch              260      Forwa…    35ms   3%    old_kl            0.000  │
│  Uptime    0d 0h 4m 14s                             kl                0.000  │
│  Remaini…  0d 0h 44m 0s                             clipfrac          0.004  │
│                                                                              │
│  User Stats                    Value    User Stats                    Value  │
│  perf                          0.000    score                         0.000  │
│  episode_return                1.100    episode_length             4480.000  │
│  depth                         0.000    valid_moves                  11.000  │
│  illegal_actions               0.000    new_tiles                    11.000  │
╰──────────────────────────────────────────────────────────────────────────────╯

[0;0H╭──────────────────────────────────────────────────────────────────────────────╮
│  PufferLib 4.0          🐡        GPU: 3%      VRAM: 3.0/39G      RAM: 1.0G  │
│                                                                              │
│  Summary          Value    Evaluate   897ms  95%    Losses            Value  │
│  Env            nethack      GPU       27ms   2%    policy            0.013  │
│  Params            4.0M      Env      868ms  92%    value             0.325  │
│  Steps             8.6M    Train       38ms   4%    entropy           0.002  │
│  SPS              34.6K      Misc       2ms   0%    total             0.046  │
│  Epoch              261      Forwa…    35ms   3%    old_kl            0.000  │
│  Uptime    0d 0h 4m 15s                             kl                0.001  │
│  Remaini…  0d 0h 44m 5s                             clipfrac          0.004  │
│                                                                              │
│  User Stats                    Value    User Stats                    Value  │
│  perf                          0.000    score                         0.000  │
│  episode_return                1.100    episode_length             4480.000  │
│  depth                         0.000    valid_moves                  11.000  │
│  illegal_actions               0.000    new_tiles                    11.000  │
╰──────────────────────────────────────────────────────────────────────────────╯

